2026-07-26T08:22:26.849631+00:00 ubuuntu systemd-logind[989]: New seat seat0.
2026-07-26T08:22:26.849636+00:00 ubuuntu systemd-logind[989]: Watching system buttons on /dev/input/event0 (Power Button)
2026-07-26T08:22:26.849640+00:00 ubuuntu systemd-logind[989]: Watching system buttons on /dev/input/event1 (Sleep Button)
2026-07-26T08:22:26.849642+00:00 ubuuntu systemd-logind[989]: Watching system buttons on /dev/input/event2 (AT Translated Set 2 keyboard)
2026-07-26T08:22:26.965291+00:00 ubuuntu polkitd[972]: Loading rules from directory /etc/polkit-1/rules.d
2026-07-26T08:22:26.994051+00:00 ubuuntu polkitd[972]: Loading rules from directory /usr/share/polkit-1/rules.d
2026-07-26T08:22:27.633797+00:00 ubuuntu polkitd[972]: Finished loading, compiling and executing 16 rules
2026-07-26T08:22:27.747391+00:00 ubuuntu polkitd[972]: Acquired the name org.freedesktop.PolicyKit1 on the system bus
2026-07-26T08:22:38.254280+00:00 ubuuntu passwd[1639]: password for 'main' changed by 'root'
2026-07-26T08:22:45.809763+00:00 ubuuntu gdm-launch-environment]: pam_unix(gdm-launch-environment:session): session opened for user gdm(uid=120) by (uid=0)
2026-07-26T08:22:45.851625+00:00 ubuuntu systemd-logind[989]: New session c1 of user gdm.
2026-07-26T08:22:45.954313+00:00 ubuuntu (systemd): pam_unix(systemd-user:session): session opened for user gdm(uid=120) by gdm(uid=0)
2026-07-26T08:22:57.031708+00:00 ubuuntu polkitd[972]: Registered Authentication Agent for unix-session:c1 (system bus name :1.43 [/usr/bin/gnome-shell], object path /org/freedesktop/PolicyKit1/AuthenticationAgent, locale en_US.UTF-8)
2026-07-26T08:25:02.010822+00:00 ubuuntu CRON[2577]: pam_unix(cron:session): session opened for user root(uid=0) by root(uid=0)
2026-07-26T08:25:02.034859+00:00 ubuuntu CRON[2577]: pam_unix(cron:session): session closed for user root
2026-07-26T08:30:01.049583+00:00 ubuuntu CRON[2603]: pam_unix(cron:session): session opened for user root(uid=0) by root(uid=0)
2026-07-26T08:30:01.065711+00:00 ubuuntu CRON[2603]: pam_unix(cron:session): session closed for user root
2026-07-26T08:35:01.078779+00:00 ubuuntu CRON[2616]: pam_unix(cron:session): session opened for user root(uid=0) by root(uid=0)
2026-07-26T08:35:01.092119+00:00 ubuuntu CRON[2616]: pam_unix(cron:session): session closed for user root
2026-07-26T08:44:06.952784+00:00 ubuuntu gdm-password]: gkr-pam: unable to locate daemon control file
2026-07-26T08:44:06.952923+00:00 ubuuntu gdm-password]: gkr-pam: stashed password to try later in open session
2026-07-26T08:44:07.052062+00:00 ubuuntu gdm-password]: pam_unix(gdm-password:session): session opened for user main(uid=1000) by main(uid=0)
2026-07-26T08:44:07.135417+00:00 ubuuntu systemd-logind[989]: New session 5 of user main.
2026-07-26T08:44:07.351005+00:00 ubuuntu (systemd): pam_unix(systemd-user:session): session opened for user main(uid=1000) by main(uid=0)
2026-07-26T08:44:08.511561+00:00 ubuuntu gdm-password]: gkr-pam: unlocked login keyring
2026-07-26T08:44:12.155276+00:00 ubuuntu gnome-keyring-daemon[2687]: The Secret Service was already initialized
2026-07-26T08:44:12.165350+00:00 ubuuntu gnome-keyring-daemon[3006]: discover_other_daemon: 1
2026-07-26T08:44:12.307670+00:00 ubuuntu gnome-keyring-daemon[3004]: discover_other_daemon: 1
2026-07-26T08:44:12.327066+00:00 ubuuntu gnome-keyring-daemon[2687]: The PKCS#11 component was already initialized
2026-07-26T08:44:12.327330+00:00 ubuuntu gnome-keyring-daemon[3013]: discover_other_daemon: 1
2026-07-26T08:44:20.134728+00:00 ubuuntu polkitd[972]: Registered Authentication Agent for unix-session:5 (system bus name :1.85 [/usr/bin/gnome-shell], object path /org/freedesktop/PolicyKit1/AuthenticationAgent, locale en_US.UTF-8)
2026-07-26T08:44:23.032495+00:00 ubuuntu gdm-launch-environment]: pam_unix(gdm-launch-environment:session): session closed for user gdm
2026-07-26T08:44:23.251242+00:00 ubuuntu polkitd[972]: Unregistered Authentication Agent for unix-session:c1 (system bus name :1.43, object path /org/freedesktop/PolicyKit1/AuthenticationAgent, locale en_US.UTF-8) (disconnected from bus)
2026-07-26T08:44:23.316605+00:00 ubuuntu systemd-logind[989]: Session c1 logged out. Waiting for processes to exit.
2026-07-26T08:44:23.422459+00:00 ubuuntu systemd-logind[989]: Removed session c1.
2026-07-26T08:45:01.109886+00:00 ubuuntu CRON[4382]: pam_unix(cron:session): session opened for user root(uid=0) by root(uid=0)
2026-07-26T08:45:01.121522+00:00 ubuuntu CRON[4382]: pam_unix(cron:session): session closed for user root
2026-07-26T08:45:30.047885+00:00 ubuuntu systemd-logind[989]: Power key pressed short.
2026-07-26T08:45:30.071507+00:00 ubuuntu systemd-logind[989]: The system will power off now!
2026-07-26T08:45:30.131212+00:00 ubuuntu systemd-logind[989]: System is powering down.
2026-07-26T08:45:30.197372+00:00 ubuuntu gdm-password]: pam_unix(gdm-password:session): session closed for user main
2026-07-26T08:46:42.557420+00:00 ubuuntu systemd-logind[724]: New seat seat0.
2026-07-26T08:46:42.557427+00:00 ubuuntu systemd-logind[724]: Watching system buttons on /dev/input/event0 (Power Button)
2026-07-26T08:46:42.557428+00:00 ubuuntu systemd-logind[724]: Watching system buttons on /dev/input/event1 (Sleep Button)
2026-07-26T08:46:42.557452+00:00 ubuuntu systemd-logind[724]: Watching system buttons on /dev/input/event2 (AT Translated Set 2 keyboard)
2026-07-26T08:46:43.150731+00:00 ubuuntu polkitd[689]: Loading rules from directory /etc/polkit-1/rules.d
2026-07-26T08:46:43.154495+00:00 ubuuntu polkitd[689]: Loading rules from directory /usr/share/polkit-1/rules.d
2026-07-26T08:46:43.628499+00:00 ubuuntu polkitd[689]: Finished loading, compiling and executing 16 rules
2026-07-26T08:46:43.813102+00:00 ubuuntu polkitd[689]: Acquired the name org.freedesktop.PolicyKit1 on the system bus
2026-07-26T08:46:49.289413+00:00 ubuuntu gdm-launch-environment]: pam_unix(gdm-launch-environment:session): session opened for user gdm(uid=120) by (uid=0)
2026-07-26T08:46:49.479105+00:00 ubuuntu systemd-logind[724]: New session c1 of user gdm.
2026-07-26T08:46:49.682730+00:00 ubuuntu (systemd): pam_unix(systemd-user:session): session opened for user gdm(uid=120) by gdm(uid=0)
2026-07-26T08:46:57.605414+00:00 ubuuntu polkitd[689]: Registered Authentication Agent for unix-session:c1 (system bus name :1.38 [/usr/bin/gnome-shell], object path /org/freedesktop/PolicyKit1/AuthenticationAgent, locale en_US.UTF-8)
2026-07-26T08:47:07.680486+00:00 ubuuntu gdm-password]: gkr-pam: unable to locate daemon control file
2026-07-26T08:47:07.680655+00:00 ubuuntu gdm-password]: gkr-pam: stashed password to try later in open session
2026-07-26T08:47:07.741213+00:00 ubuuntu gdm-password]: pam_unix(gdm-password:session): session opened for user main(uid=1000) by main(uid=0)
2026-07-26T08:47:07.828959+00:00 ubuuntu systemd-logind[724]: New session 2 of user main.
2026-07-26T08:47:07.985486+00:00 ubuuntu (systemd): pam_unix(systemd-user:session): session opened for user main(uid=1000) by main(uid=0)
2026-07-26T08:47:09.618661+00:00 ubuuntu gdm-password]: gkr-pam: unlocked login keyring
2026-07-26T08:47:12.070694+00:00 ubuuntu gnome-keyring-daemon[1784]: The Secret Service was already initialized
2026-07-26T08:47:12.086732+00:00 ubuuntu gnome-keyring-daemon[1999]: discover_other_daemon: 1
2026-07-26T08:47:12.204994+00:00 ubuuntu gnome-keyring-daemon[1784]: The PKCS#11 component was already initialized
2026-07-26T08:47:12.205193+00:00 ubuuntu gnome-keyring-daemon[2002]: discover_other_daemon: 1
2026-07-26T08:47:12.206224+00:00 ubuuntu gnome-keyring-daemon[2007]: discover_other_daemon: 1
2026-07-26T08:47:18.707038+00:00 ubuuntu polkitd[689]: Registered Authentication Agent for unix-session:2 (system bus name :1.75 [/usr/bin/gnome-shell], object path /org/freedesktop/PolicyKit1/AuthenticationAgent, locale en_US.UTF-8)
2026-07-26T08:47:24.267289+00:00 ubuuntu gdm-launch-environment]: pam_unix(gdm-launch-environment:session): session closed for user gdm
2026-07-26T08:47:24.406647+00:00 ubuuntu systemd-logind[724]: Session c1 logged out. Waiting for processes to exit.
2026-07-26T08:47:24.560611+00:00 ubuuntu polkitd[689]: Unregistered Authentication Agent for unix-session:c1 (system bus name :1.38, object path /org/freedesktop/PolicyKit1/AuthenticationAgent, locale en_US.UTF-8) (disconnected from bus)
2026-07-26T08:47:24.628203+00:00 ubuuntu systemd-logind[724]: Removed session c1.
2026-07-26T08:47:36.961964+00:00 ubuuntu (sd-pam): pam_unix(systemd-user:session): session closed for user gdm
2026-07-26T08:55:01.623741+00:00 ubuuntu CRON[3032]: pam_unix(cron:session): session opened for user root(uid=0) by root(uid=0)
2026-07-26T08:55:01.632587+00:00 ubuuntu CRON[3032]: pam_unix(cron:session): session closed for user root
2026-07-26T09:01:31.682104+00:00 ubuuntu dbus-daemon[680]: [system] Failed to activate service 'org.bluez': timed out (service_start_timeout=25000ms)
2026-07-26T09:05:01.674399+00:00 ubuuntu CRON[3215]: pam_unix(cron:session): session opened for user root(uid=0) by root(uid=0)
2026-07-26T09:05:01.702700+00:00 ubuuntu CRON[3215]: pam_unix(cron:session): session closed for user root
2026-07-26T09:15:01.741665+00:00 ubuuntu CRON[3238]: pam_unix(cron:session): session opened for user root(uid=0) by root(uid=0)
2026-07-26T09:15:01.762607+00:00 ubuuntu CRON[3238]: pam_unix(cron:session): session closed for user root
2026-07-26T09:17:01.821080+00:00 ubuuntu CRON[3244]: pam_unix(cron:session): session opened for user root(uid=0) by root(uid=0)
2026-07-26T09:17:02.238317+00:00 ubuuntu CRON[3244]: pam_unix(cron:session): session closed for user root
2026-07-26T09:20:56.422964+00:00 ubuuntu gdm-password]: gkr-pam: unlocked login keyring
2026-07-26T09:22:03.387689+00:00 ubuuntu sudo:     main : TTY=pts/0 ; PWD=/home/main ; USER=root ; COMMAND=/usr/bin/apt install git -y
2026-07-26T09:22:03.405667+00:00 ubuuntu sudo: pam_unix(sudo:session): session opened for user root(uid=0) by main(uid=1000)
2026-07-26T09:22:18.991777+00:00 ubuuntu sudo: pam_unix(sudo:session): session closed for user root
2026-07-26T09:25:01.301861+00:00 ubuuntu CRON[3528]: pam_unix(cron:session): session opened for user root(uid=0) by root(uid=0)
2026-07-26T09:25:01.323735+00:00 ubuuntu CRON[3528]: pam_unix(cron:session): session closed for user root
2026-07-26T09:27:49.028328+00:00 ubuuntu gdm-password]: gkr-pam: unlocked login keyring
2026-07-26T09:30:01.368288+00:00 ubuuntu CRON[4825]: pam_unix(cron:session): session opened for user root(uid=0) by root(uid=0)
2026-07-26T09:30:01.407242+00:00 ubuuntu CRON[4825]: pam_unix(cron:session): session closed for user root
2026-07-26T09:35:01.438554+00:00 ubuuntu CRON[5553]: pam_unix(cron:session): session opened for user root(uid=0) by root(uid=0)
2026-07-26T09:35:01.449987+00:00 ubuuntu CRON[5553]: pam_unix(cron:session): session closed for user root
2026-07-26T09:35:45.563068+00:00 ubuuntu sudo:     main : TTY=pts/0 ; PWD=/home/main/Downloads ; USER=root ; COMMAND=/usr/bin/apt install code_1.130.0-1784734578_amd64.deb
2026-07-26T09:35:45.564649+00:00 ubuuntu sudo: pam_unix(sudo:session): session opened for user root(uid=0) by main(uid=1000)
2026-07-26T09:35:46.305321+00:00 ubuuntu sudo: pam_unix(sudo:session): session closed for user root
2026-07-26T09:38:18.522371+00:00 ubuuntu sudo:     main : TTY=pts/0 ; PWD=/home/main/Downloads ; USER=root ; COMMAND=/usr/bin/dpkg -i ./code_1.130.0-1784734578_amd64.deb
2026-07-26T09:38:18.533354+00:00 ubuuntu sudo: pam_unix(sudo:session): session opened for user root(uid=0) by main(uid=1000)
2026-07-26T09:38:54.145460+00:00 ubuuntu sudo: pam_unix(sudo:session): session closed for user root
2026-07-26T09:39:26.680117+00:00 ubuuntu dbus-daemon[680]: [system] Failed to activate service 'org.bluez': timed out (service_start_timeout=25000ms)
2026-07-26T09:39:55.112766+00:00 ubuuntu dbus-daemon[680]: [system] Failed to activate service 'org.bluez': timed out (service_start_timeout=25000ms)
2026-07-26T09:41:26.223215+00:00 ubuuntu sudo:     main : TTY=pts/0 ; PWD=/home/main/cpam/C-PAM ; USER=root ; COMMAND=/usr/bin/apt install python -y
2026-07-26T09:41:26.225394+00:00 ubuuntu sudo: pam_unix(sudo:session): session opened for user root(uid=0) by main(uid=1000)
2026-07-26T09:41:29.771709+00:00 ubuuntu sudo: pam_unix(sudo:session): session closed for user root
2026-07-26T09:42:39.158065+00:00 ubuuntu sudo:     main : TTY=pts/0 ; PWD=/home/main/cpam/C-PAM ; USER=root ; COMMAND=/usr/bin/apt install pip -y
2026-07-26T09:42:39.160566+00:00 ubuuntu sudo: pam_unix(sudo:session): session opened for user root(uid=0) by main(uid=1000)
2026-07-26T09:43:27.910933+00:00 ubuuntu sudo: pam_unix(sudo:session): session closed for user root
2026-07-26T09:43:52.397941+00:00 ubuuntu sudo:     main : TTY=pts/2 ; PWD=/home/main/cpam/C-PAM ; USER=root ; COMMAND=/usr/bin/apt install python3.12-venv
2026-07-26T09:43:52.398898+00:00 ubuuntu sudo: pam_unix(sudo:session): session opened for user root(uid=0) by main(uid=1000)
2026-07-26T09:44:04.445122+00:00 ubuuntu sudo: pam_unix(sudo:session): session closed for user root
2026-07-26T09:45:01.513829+00:00 ubuuntu CRON[7904]: pam_unix(cron:session): session opened for user root(uid=0) by root(uid=0)
2026-07-26T09:45:01.531552+00:00 ubuuntu CRON[7904]: pam_unix(cron:session): session closed for user root
2026-07-26T09:55:02.149261+00:00 ubuuntu CRON[8465]: pam_unix(cron:session): session opened for user root(uid=0) by root(uid=0)
2026-07-26T09:55:02.767478+00:00 ubuuntu CRON[8465]: pam_unix(cron:session): session closed for user root
2026-07-26T10:05:01.905911+00:00 ubuuntu CRON[8523]: pam_unix(cron:session): session opened for user root(uid=0) by root(uid=0)
2026-07-26T10:05:02.241782+00:00 ubuuntu CRON[8523]: pam_unix(cron:session): session closed for user root
2026-07-26T10:11:06.969967+00:00 ubuuntu gdm-password]: gkr-pam: unlocked login keyring
2026-07-26T10:13:52.720868+00:00 ubuuntu systemd-logind[724]: Power key pressed short.
2026-07-26T10:13:52.767793+00:00 ubuuntu systemd-logind[724]: The system will power off now!
2026-07-26T10:13:53.150299+00:00 ubuuntu systemd-logind[724]: System is powering down.
2026-07-26T10:13:53.346728+00:00 ubuuntu gdm-password]: pam_unix(gdm-password:session): session closed for user main
2026-07-26T10:15:52.348184+00:00 ubuuntu systemd-logind[690]: Watching system buttons on /dev/input/event0 (Power Button)
2026-07-26T10:15:52.348187+00:00 ubuuntu systemd-logind[690]: Watching system buttons on /dev/input/event1 (Sleep Button)
2026-07-26T10:15:52.348190+00:00 ubuuntu systemd-logind[690]: Watching system buttons on /dev/input/event2 (AT Translated Set 2 keyboard)
2026-07-26T10:15:52.348192+00:00 ubuuntu systemd-logind[690]: New seat seat0.
2026-07-26T10:15:52.348268+00:00 ubuuntu polkitd[664]: Loading rules from directory /etc/polkit-1/rules.d
2026-07-26T10:15:52.348270+00:00 ubuuntu polkitd[664]: Loading rules from directory /usr/share/polkit-1/rules.d
2026-07-26T10:15:52.348333+00:00 ubuuntu polkitd[664]: Finished loading, compiling and executing 16 rules
2026-07-26T10:15:52.348358+00:00 ubuuntu polkitd[664]: Acquired the name org.freedesktop.PolicyKit1 on the system bus
2026-07-26T10:15:57.546582+00:00 ubuuntu gdm-launch-environment]: pam_unix(gdm-launch-environment:session): session opened for user gdm(uid=120) by (uid=0)
2026-07-26T10:15:57.601409+00:00 ubuuntu systemd-logind[690]: New session c1 of user gdm.
2026-07-26T10:15:57.645378+00:00 ubuuntu (systemd): pam_unix(systemd-user:session): session opened for user gdm(uid=120) by gdm(uid=0)
2026-07-26T10:16:05.291944+00:00 ubuuntu polkitd[664]: Registered Authentication Agent for unix-session:c1 (system bus name :1.39 [/usr/bin/gnome-shell], object path /org/freedesktop/PolicyKit1/AuthenticationAgent, locale en_US.UTF-8)
2026-07-26T10:17:03.611543+00:00 ubuuntu CRON[1774]: pam_unix(cron:session): session opened for user root(uid=0) by root(uid=0)
2026-07-26T10:17:03.629944+00:00 ubuuntu CRON[1774]: pam_unix(cron:session): session closed for user root
2026-07-26T10:18:32.570537+00:00 ubuuntu dbus-daemon[649]: [system] Failed to activate service 'org.bluez': timed out (service_start_timeout=25000ms)
2026-07-26T10:25:01.653272+00:00 ubuuntu CRON[1813]: pam_unix(cron:session): session opened for user root(uid=0) by root(uid=0)
2026-07-26T10:25:01.681642+00:00 ubuuntu CRON[1813]: pam_unix(cron:session): session closed for user root
2026-07-26T10:30:01.701027+00:00 ubuuntu CRON[1819]: pam_unix(cron:session): session opened for user root(uid=0) by root(uid=0)
2026-07-26T10:30:01.719627+00:00 ubuuntu CRON[1819]: pam_unix(cron:session): session closed for user root
2026-07-26T10:35:01.739201+00:00 ubuuntu CRON[1830]: pam_unix(cron:session): session opened for user root(uid=0) by root(uid=0)
2026-07-26T10:35:01.760643+00:00 ubuuntu CRON[1830]: pam_unix(cron:session): session closed for user root
2026-07-26T10:45:01.797120+00:00 ubuuntu CRON[1839]: pam_unix(cron:session): session opened for user root(uid=0) by root(uid=0)
2026-07-26T10:45:01.819080+00:00 ubuuntu CRON[1839]: pam_unix(cron:session): session closed for user root
2026-07-26T10:55:01.853465+00:00 ubuuntu CRON[1847]: pam_unix(cron:session): session opened for user root(uid=0) by root(uid=0)
2026-07-26T10:55:01.872437+00:00 ubuuntu CRON[1847]: pam_unix(cron:session): session closed for user root
2026-07-26T11:05:01.900411+00:00 ubuuntu CRON[1867]: pam_unix(cron:session): session opened for user root(uid=0) by root(uid=0)
2026-07-26T11:05:01.962148+00:00 ubuuntu CRON[1867]: pam_unix(cron:session): session closed for user root
2026-07-26T11:08:26.849467+00:00 ubuuntu gdm-password]: gkr-pam: unable to locate daemon control file
2026-07-26T11:08:26.849950+00:00 ubuuntu gdm-password]: gkr-pam: stashed password to try later in open session
2026-07-26T11:08:26.901774+00:00 ubuuntu gdm-password]: pam_unix(gdm-password:session): session opened for user main(uid=1000) by main(uid=0)
2026-07-26T11:08:26.913441+00:00 ubuuntu systemd-logind[690]: New session 9 of user main.
2026-07-26T11:08:26.981420+00:00 ubuuntu (systemd): pam_unix(systemd-user:session): session opened for user main(uid=1000) by main(uid=0)
2026-07-26T11:08:27.522286+00:00 ubuuntu gdm-password]: gkr-pam: unlocked login keyring
2026-07-26T11:08:28.491540+00:00 ubuuntu gnome-keyring-daemon[2135]: discover_other_daemon: 1
2026-07-26T11:08:28.492893+00:00 ubuuntu gnome-keyring-daemon[1912]: The Secret Service was already initialized
2026-07-26T11:08:28.493264+00:00 ubuuntu gnome-keyring-daemon[1912]: The PKCS#11 component was already initialized
2026-07-26T11:08:28.493500+00:00 ubuuntu gnome-keyring-daemon[2140]: discover_other_daemon: 1
2026-07-26T11:08:28.494161+00:00 ubuuntu gnome-keyring-daemon[2139]: discover_other_daemon: 1
2026-07-26T11:08:32.141337+00:00 ubuuntu polkitd[664]: Registered Authentication Agent for unix-session:9 (system bus name :1.83 [/usr/bin/gnome-shell], object path /org/freedesktop/PolicyKit1/AuthenticationAgent, locale en_US.UTF-8)
2026-07-26T11:08:33.457085+00:00 ubuuntu gdm-launch-environment]: pam_unix(gdm-launch-environment:session): session closed for user gdm
2026-07-26T11:08:33.631719+00:00 ubuuntu polkitd[664]: Unregistered Authentication Agent for unix-session:c1 (system bus name :1.39, object path /org/freedesktop/PolicyKit1/AuthenticationAgent, locale en_US.UTF-8) (disconnected from bus)
2026-07-26T11:08:33.716491+00:00 ubuuntu systemd-logind[690]: Session c1 logged out. Waiting for processes to exit.
2026-07-26T11:08:33.761207+00:00 ubuuntu systemd-logind[690]: Removed session c1.
2026-07-26T11:09:11.376995+00:00 ubuuntu systemd-logind[690]: Power key pressed short.
2026-07-26T11:09:11.385860+00:00 ubuuntu systemd-logind[690]: The system will power off now!
2026-07-26T11:09:11.428676+00:00 ubuuntu systemd-logind[690]: System is powering down.
2026-07-26T11:09:11.463201+00:00 ubuuntu gdm-password]: pam_unix(gdm-password:session): session closed for user main
2026-07-26T11:10:15.072837+00:00 ubuuntu systemd-logind[708]: Watching system buttons on /dev/input/event0 (Power Button)
2026-07-26T11:10:15.072840+00:00 ubuuntu systemd-logind[708]: Watching system buttons on /dev/input/event1 (Sleep Button)
2026-07-26T11:10:15.072843+00:00 ubuuntu systemd-logind[708]: Watching system buttons on /dev/input/event2 (AT Translated Set 2 keyboard)
2026-07-26T11:10:15.072845+00:00 ubuuntu systemd-logind[708]: New seat seat0.
2026-07-26T11:10:15.327181+00:00 ubuuntu polkitd[695]: Loading rules from directory /etc/polkit-1/rules.d
2026-07-26T11:10:15.343989+00:00 ubuuntu polkitd[695]: Loading rules from directory /usr/share/polkit-1/rules.d
2026-07-26T11:10:15.771764+00:00 ubuuntu polkitd[695]: Finished loading, compiling and executing 16 rules
2026-07-26T11:10:15.825779+00:00 ubuuntu polkitd[695]: Acquired the name org.freedesktop.PolicyKit1 on the system bus
2026-07-26T11:10:19.004328+00:00 ubuuntu gdm-launch-environment]: pam_unix(gdm-launch-environment:session): session opened for user gdm(uid=120) by (uid=0)
2026-07-26T11:10:19.094370+00:00 ubuuntu systemd-logind[708]: New session c1 of user gdm.
2026-07-26T11:10:19.140574+00:00 ubuuntu (systemd): pam_unix(systemd-user:session): session opened for user gdm(uid=120) by gdm(uid=0)
2026-07-26T11:10:23.620669+00:00 ubuuntu polkitd[695]: Registered Authentication Agent for unix-session:c1 (system bus name :1.39 [/usr/bin/gnome-shell], object path /org/freedesktop/PolicyKit1/AuthenticationAgent, locale en_US.UTF-8)
2026-07-26T11:10:28.943356+00:00 ubuuntu gdm-password]: pam_unix(gdm-password:auth): authentication failure; logname= uid=0 euid=0 tty=/dev/tty1 ruser= rhost=  user=main
2026-07-26T11:10:38.472957+00:00 ubuuntu gdm-password]: gkr-pam: unable to locate daemon control file
2026-07-26T11:10:38.473206+00:00 ubuuntu gdm-password]: gkr-pam: stashed password to try later in open session
2026-07-26T11:10:38.511058+00:00 ubuuntu gdm-password]: pam_unix(gdm-password:session): session opened for user main(uid=1000) by main(uid=0)
2026-07-26T11:10:38.534903+00:00 ubuuntu systemd-logind[708]: New session 2 of user main.
2026-07-26T11:10:38.667015+00:00 ubuuntu (systemd): pam_unix(systemd-user:session): session opened for user main(uid=1000) by main(uid=0)
2026-07-26T11:10:39.425472+00:00 ubuuntu gdm-password]: gkr-pam: unlocked login keyring
2026-07-26T11:10:40.471975+00:00 ubuuntu gnome-keyring-daemon[1800]: The Secret Service was already initialized
2026-07-26T11:10:40.472738+00:00 ubuuntu gnome-keyring-daemon[2006]: discover_other_daemon: 1
2026-07-26T11:10:40.483629+00:00 ubuuntu gnome-keyring-daemon[1800]: The PKCS#11 component was already initialized
2026-07-26T11:10:40.484003+00:00 ubuuntu gnome-keyring-daemon[2016]: discover_other_daemon: 1
2026-07-26T11:10:40.500016+00:00 ubuuntu gnome-keyring-daemon[2017]: discover_other_daemon: 1
2026-07-26T11:10:45.754123+00:00 ubuuntu polkitd[695]: Registered Authentication Agent for unix-session:2 (system bus name :1.81 [/usr/bin/gnome-shell], object path /org/freedesktop/PolicyKit1/AuthenticationAgent, locale en_US.UTF-8)
2026-07-26T11:10:46.881056+00:00 ubuuntu gdm-launch-environment]: pam_unix(gdm-launch-environment:session): session closed for user gdm
2026-07-26T11:10:47.038409+00:00 ubuuntu polkitd[695]: Unregistered Authentication Agent for unix-session:c1 (system bus name :1.39, object path /org/freedesktop/PolicyKit1/AuthenticationAgent, locale en_US.UTF-8) (disconnected from bus)
2026-07-26T11:10:47.050842+00:00 ubuuntu systemd-logind[708]: Session c1 logged out. Waiting for processes to exit.
2026-07-26T11:10:47.059241+00:00 ubuuntu systemd-logind[708]: Removed session c1.
2026-07-26T11:10:57.494888+00:00 ubuuntu (sd-pam): pam_unix(systemd-user:session): session closed for user gdm
2026-07-26T11:12:45.417168+00:00 ubuuntu systemd-logind[708]: Power key pressed short.
2026-07-26T11:12:45.441228+00:00 ubuuntu systemd-logind[708]: The system will power off now!
2026-07-26T11:12:45.495186+00:00 ubuuntu systemd-logind[708]: System is powering down.
2026-07-26T11:12:45.756926+00:00 ubuuntu gdm-password]: pam_unix(gdm-password:session): session closed for user main
2026-07-26T11:13:32.346182+00:00 ubuuntu systemd-logind[687]: Watching system buttons on /dev/input/event0 (Power Button)
2026-07-26T11:13:32.346184+00:00 ubuuntu systemd-logind[687]: Watching system buttons on /dev/input/event1 (Sleep Button)
2026-07-26T11:13:32.346187+00:00 ubuuntu systemd-logind[687]: Watching system buttons on /dev/input/event2 (AT Translated Set 2 keyboard)
2026-07-26T11:13:32.346188+00:00 ubuuntu systemd-logind[687]: New seat seat0.
2026-07-26T11:13:32.390252+00:00 ubuuntu polkitd[663]: Loading rules from directory /etc/polkit-1/rules.d
2026-07-26T11:13:32.400673+00:00 ubuuntu polkitd[663]: Loading rules from directory /usr/share/polkit-1/rules.d
2026-07-26T11:13:32.671376+00:00 ubuuntu polkitd[663]: Finished loading, compiling and executing 16 rules
2026-07-26T11:13:32.719269+00:00 ubuuntu polkitd[663]: Acquired the name org.freedesktop.PolicyKit1 on the system bus
2026-07-26T11:13:36.285328+00:00 ubuuntu gdm-launch-environment]: pam_unix(gdm-launch-environment:session): session opened for user gdm(uid=120) by (uid=0)
2026-07-26T11:13:36.540993+00:00 ubuuntu systemd-logind[687]: New session c1 of user gdm.
2026-07-26T11:13:36.647980+00:00 ubuuntu (systemd): pam_unix(systemd-user:session): session opened for user gdm(uid=120) by gdm(uid=0)
2026-07-26T11:13:41.002725+00:00 ubuuntu polkitd[663]: Registered Authentication Agent for unix-session:c1 (system bus name :1.39 [/usr/bin/gnome-shell], object path /org/freedesktop/PolicyKit1/AuthenticationAgent, locale en_US.UTF-8)
2026-07-26T11:13:47.183367+00:00 ubuuntu gdm-password]: gkr-pam: unable to locate daemon control file
2026-07-26T11:13:47.185200+00:00 ubuuntu gdm-password]: gkr-pam: stashed password to try later in open session
2026-07-26T11:13:47.216619+00:00 ubuuntu gdm-password]: pam_unix(gdm-password:session): session opened for user main(uid=1000) by main(uid=0)
2026-07-26T11:13:47.269494+00:00 ubuuntu systemd-logind[687]: New session 2 of user main.
2026-07-26T11:13:47.325278+00:00 ubuuntu (systemd): pam_unix(systemd-user:session): session opened for user main(uid=1000) by main(uid=0)
2026-07-26T11:13:48.032395+00:00 ubuuntu gdm-password]: gkr-pam: unlocked login keyring
2026-07-26T11:13:49.043620+00:00 ubuuntu gnome-keyring-daemon[1807]: The Secret Service was already initialized
2026-07-26T11:13:49.044293+00:00 ubuuntu gnome-keyring-daemon[2028]: discover_other_daemon: 1
2026-07-26T11:13:49.095322+00:00 ubuuntu gnome-keyring-daemon[1807]: The PKCS#11 component was already initialized
2026-07-26T11:13:49.096378+00:00 ubuuntu gnome-keyring-daemon[2032]: discover_other_daemon: 1
2026-07-26T11:13:49.096426+00:00 ubuuntu gnome-keyring-daemon[2036]: discover_other_daemon: 1
2026-07-26T11:13:52.736184+00:00 ubuuntu polkitd[663]: Registered Authentication Agent for unix-session:2 (system bus name :1.81 [/usr/bin/gnome-shell], object path /org/freedesktop/PolicyKit1/AuthenticationAgent, locale en_US.UTF-8)
2026-07-26T11:13:53.568121+00:00 ubuuntu gdm-launch-environment]: pam_unix(gdm-launch-environment:session): session closed for user gdm
2026-07-26T11:13:53.682878+00:00 ubuuntu systemd-logind[687]: Session c1 logged out. Waiting for processes to exit.
2026-07-26T11:13:53.750877+00:00 ubuuntu systemd-logind[687]: Removed session c1.
2026-07-26T11:13:53.798873+00:00 ubuuntu polkitd[663]: Unregistered Authentication Agent for unix-session:c1 (system bus name :1.39, object path /org/freedesktop/PolicyKit1/AuthenticationAgent, locale en_US.UTF-8) (disconnected from bus)
2026-07-26T11:13:54.549886+00:00 ubuuntu systemd-logind[687]: Power key pressed short.
2026-07-26T11:14:07.031651+00:00 ubuuntu (sd-pam): pam_unix(systemd-user:session): session closed for user gdm
2026-07-26T11:15:02.334593+00:00 ubuuntu CRON[2885]: pam_unix(cron:session): session opened for user root(uid=0) by root(uid=0)
2026-07-26T11:15:02.342813+00:00 ubuuntu CRON[2885]: pam_unix(cron:session): session closed for user root
2026-07-26T11:17:01.543339+00:00 ubuuntu CRON[2889]: pam_unix(cron:session): session opened for user root(uid=0) by root(uid=0)
2026-07-26T11:17:01.573880+00:00 ubuuntu CRON[2889]: pam_unix(cron:session): session closed for user root
2026-07-26T11:18:25.473661+00:00 ubuuntu sudo:     main : TTY=pts/0 ; PWD=/home/main ; USER=root ; COMMAND=/usr/bin/apt install curl -y
2026-07-26T11:18:25.474923+00:00 ubuuntu sudo: pam_unix(sudo:session): session opened for user root(uid=0) by main(uid=1000)
2026-07-26T11:18:33.350907+00:00 ubuuntu sudo: pam_unix(sudo:session): session closed for user root
2026-07-26T11:25:01.127170+00:00 ubuuntu CRON[6276]: pam_unix(cron:session): session opened for user root(uid=0) by root(uid=0)
2026-07-26T11:25:01.140259+00:00 ubuuntu CRON[6276]: pam_unix(cron:session): session closed for user root
2026-07-26T11:30:01.217259+00:00 ubuuntu CRON[6316]: pam_unix(cron:session): session opened for user root(uid=0) by root(uid=0)
2026-07-26T11:30:01.239915+00:00 ubuuntu CRON[6316]: pam_unix(cron:session): session closed for user root
2026-07-26T11:35:01.403357+00:00 ubuuntu CRON[6364]: pam_unix(cron:session): session opened for user root(uid=0) by root(uid=0)
2026-07-26T11:35:01.613422+00:00 ubuuntu CRON[6364]: pam_unix(cron:session): session closed for user root
2026-07-26T11:39:18.204340+00:00 ubuuntu gnome-keyring-daemon[1807]: asked to register item /org/freedesktop/secrets/collection/login/1, but it's already registered
2026-07-26T11:39:21.000392+00:00 ubuuntu dbus-daemon[650]: [system] Failed to activate service 'org.bluez': timed out (service_start_timeout=25000ms)
2026-07-26T11:41:43.375413+00:00 ubuuntu sudo:     main : TTY=pts/0 ; PWD=/home/main/cpam/C-PAM ; USER=root ; COMMAND=/usr/bin/apt install tmux -y
2026-07-26T11:41:43.388169+00:00 ubuuntu sudo: pam_unix(sudo:session): session opened for user root(uid=0) by main(uid=1000)
2026-07-26T11:41:55.641877+00:00 ubuuntu sudo: pam_unix(sudo:session): session closed for user root
2026-07-26T11:45:01.671758+00:00 ubuuntu CRON[7182]: pam_unix(cron:session): session opened for user root(uid=0) by root(uid=0)
2026-07-26T11:45:01.726107+00:00 ubuuntu CRON[7182]: pam_unix(cron:session): session closed for user root
2026-07-26T11:55:01.739713+00:00 ubuuntu CRON[7267]: pam_unix(cron:session): session opened for user root(uid=0) by root(uid=0)
2026-07-26T11:55:01.751545+00:00 ubuuntu CRON[7267]: pam_unix(cron:session): session closed for user root
2026-07-26T11:56:28.972791+00:00 ubuuntu gdm-password]: gkr-pam: unlocked login keyring
2026-07-26T12:01:03.498759+00:00 ubuuntu dbus-daemon[650]: [system] Failed to activate service 'org.bluez': timed out (service_start_timeout=25000ms)
2026-07-26T12:05:01.842835+00:00 ubuuntu CRON[7529]: pam_unix(cron:session): session opened for user root(uid=0) by root(uid=0)
2026-07-26T12:05:01.873075+00:00 ubuuntu CRON[7529]: pam_unix(cron:session): session closed for user root
2026-07-26T12:15:01.925033+00:00 ubuuntu CRON[7603]: pam_unix(cron:session): session opened for user root(uid=0) by root(uid=0)
2026-07-26T12:15:01.935641+00:00 ubuuntu CRON[7603]: pam_unix(cron:session): session closed for user root
2026-07-26T12:17:01.942526+00:00 ubuuntu CRON[7614]: pam_unix(cron:session): session opened for user root(uid=0) by root(uid=0)
2026-07-26T12:17:01.955654+00:00 ubuuntu CRON[7614]: pam_unix(cron:session): session closed for user root
2026-07-26T12:25:01.393530+00:00 ubuuntu CRON[7661]: pam_unix(cron:session): session opened for user root(uid=0) by root(uid=0)
2026-07-26T12:25:01.423695+00:00 ubuuntu CRON[7661]: pam_unix(cron:session): session closed for user root
2026-07-26T12:30:01.505581+00:00 ubuuntu CRON[7688]: pam_unix(cron:session): session opened for user root(uid=0) by root(uid=0)
2026-07-26T12:30:01.511100+00:00 ubuuntu CRON[7688]: pam_unix(cron:session): session closed for user root
2026-07-26T12:35:01.544730+00:00 ubuuntu CRON[7712]: pam_unix(cron:session): session opened for user root(uid=0) by root(uid=0)
2026-07-26T12:35:01.556644+00:00 ubuuntu CRON[7712]: pam_unix(cron:session): session closed for user root
2026-07-26T12:45:01.588473+00:00 ubuuntu CRON[7770]: pam_unix(cron:session): session opened for user root(uid=0) by root(uid=0)
2026-07-26T12:45:01.608363+00:00 ubuuntu CRON[7770]: pam_unix(cron:session): session closed for user root
2026-07-26T12:55:01.691090+00:00 ubuuntu CRON[7815]: pam_unix(cron:session): session opened for user root(uid=0) by root(uid=0)
2026-07-26T12:55:01.738005+00:00 ubuuntu CRON[7815]: pam_unix(cron:session): session closed for user root
2026-07-26T13:03:36.764627+00:00 ubuuntu gdm-password]: gkr-pam: unlocked login keyring
2026-07-26T13:05:01.951817+00:00 ubuuntu CRON[7976]: pam_unix(cron:session): session opened for user root(uid=0) by root(uid=0)
2026-07-26T13:05:02.735999+00:00 ubuuntu CRON[7976]: pam_unix(cron:session): session closed for user root
2026-07-26T13:15:02.268811+00:00 ubuuntu CRON[8358]: pam_unix(cron:session): session opened for user root(uid=0) by root(uid=0)
2026-07-26T13:15:02.532147+00:00 ubuuntu CRON[8358]: pam_unix(cron:session): session closed for user root
2026-07-26T13:16:34.557493+00:00 ubuuntu sudo:     main : TTY=pts/4 ; PWD=/home/main/cpam/C-PAM ; USER=root ; COMMAND=/usr/bin/cat /etc/passwd
2026-07-26T13:16:34.565740+00:00 ubuuntu sudo: pam_unix(sudo:session): session opened for user root(uid=0) by main(uid=1000)
2026-07-26T13:16:34.575781+00:00 ubuuntu sudo: pam_unix(sudo:session): session closed for user root
2026-07-26T13:17:01.602353+00:00 ubuuntu CRON[8478]: pam_unix(cron:session): session opened for user root(uid=0) by root(uid=0)
2026-07-26T13:17:01.642430+00:00 ubuuntu CRON[8478]: pam_unix(cron:session): session closed for user root
2026-07-26T13:20:30.951802+00:00 ubuuntu sudo:     main : TTY=pts/4 ; PWD=/home/main/cpam/C-PAM ; USER=root ; COMMAND=/usr/sbin/adduser C1
2026-07-26T13:20:30.954476+00:00 ubuuntu sudo: pam_unix(sudo:session): session opened for user root(uid=0) by main(uid=1000)
2026-07-26T13:20:31.151567+00:00 ubuuntu sudo: pam_unix(sudo:session): session closed for user root
2026-07-26T13:22:44.261126+00:00 ubuuntu sudo:     main : TTY=pts/4 ; PWD=/root ; USER=root ; COMMAND=/bin/bash --login -c C1
2026-07-26T13:22:44.262390+00:00 ubuuntu sudo: pam_unix(sudo-i:session): session opened for user root(uid=0) by main(uid=1000)
2026-07-26T13:22:44.381514+00:00 ubuuntu sudo: pam_unix(sudo-i:session): session closed for user root
2026-07-26T13:25:01.744144+00:00 ubuuntu CRON[9027]: pam_unix(cron:session): session opened for user root(uid=0) by root(uid=0)
2026-07-26T13:25:01.760853+00:00 ubuuntu CRON[9027]: pam_unix(cron:session): session closed for user root
2026-07-26T13:30:02.011027+00:00 ubuuntu CRON[9086]: pam_unix(cron:session): session opened for user root(uid=0) by root(uid=0)
2026-07-26T13:30:02.143300+00:00 ubuuntu CRON[9086]: pam_unix(cron:session): session closed for user root
2026-07-26T14:05:01.590217+00:00 ubuuntu CRON[9143]: pam_unix(cron:session): session opened for user root(uid=0) by root(uid=0)
2026-07-26T14:05:01.835183+00:00 ubuuntu CRON[9143]: pam_unix(cron:session): session closed for user root
2026-07-26T14:15:01.186240+00:00 ubuuntu CRON[9228]: pam_unix(cron:session): session opened for user root(uid=0) by root(uid=0)
2026-07-26T14:15:01.591679+00:00 ubuuntu CRON[9228]: pam_unix(cron:session): session closed for user root
2026-07-26T14:16:42.028074+00:00 ubuuntu gdm-password]: gkr-pam: unlocked login keyring
2026-07-26T14:17:01.663242+00:00 ubuuntu CRON[9357]: pam_unix(cron:session): session opened for user root(uid=0) by root(uid=0)
2026-07-26T14:17:01.676771+00:00 ubuuntu CRON[9357]: pam_unix(cron:session): session closed for user root
2026-07-26T14:22:28.288049+00:00 ubuuntu sudo:     main : TTY=pts/3 ; PWD=/home/main/cpam/C-PAM ; USER=root ; COMMAND=/usr/bin/apt install --list
2026-07-26T14:22:28.301252+00:00 ubuuntu sudo: pam_unix(sudo:session): session opened for user root(uid=0) by main(uid=1000)
2026-07-26T14:22:28.338129+00:00 ubuuntu sudo: pam_unix(sudo:session): session closed for user root
2026-07-26T14:25:02.027172+00:00 ubuuntu CRON[9660]: pam_unix(cron:session): session opened for user root(uid=0) by root(uid=0)
2026-07-26T14:25:02.830457+00:00 ubuuntu CRON[9660]: pam_unix(cron:session): session closed for user root
2026-07-26T14:28:25.227219+00:00 ubuuntu gdm-password]: gkr-pam: unlocked login keyring
2026-07-26T14:30:01.872030+00:00 ubuuntu CRON[9945]: pam_unix(cron:session): session opened for user root(uid=0) by root(uid=0)
2026-07-26T14:30:01.877877+00:00 ubuuntu CRON[9945]: pam_unix(cron:session): session closed for user root
2026-07-26T14:32:22.514975+00:00 ubuuntu sudo:     main : TTY=pts/3 ; PWD=/home/main/cpam/C-PAM ; USER=root ; COMMAND=/usr/bin/apt install --list
2026-07-26T14:32:22.516237+00:00 ubuuntu sudo: pam_unix(sudo:session): session opened for user root(uid=0) by main(uid=1000)
2026-07-26T14:32:22.529625+00:00 ubuuntu sudo: pam_unix(sudo:session): session closed for user root
2026-07-26T14:33:46.333334+00:00 ubuuntu sudo:     main : TTY=pts/3 ; PWD=/home/main/cpam/C-PAM ; USER=root ; COMMAND=/usr/bin/apt install sqlite3
2026-07-26T14:33:46.341485+00:00 ubuuntu sudo: pam_unix(sudo:session): session opened for user root(uid=0) by main(uid=1000)
2026-07-26T14:33:56.924656+00:00 ubuuntu sudo: pam_unix(sudo:session): session closed for user root
2026-07-26T14:35:01.981906+00:00 ubuuntu CRON[10404]: pam_unix(cron:session): session opened for user root(uid=0) by root(uid=0)
2026-07-26T14:35:02.017122+00:00 ubuuntu CRON[10404]: pam_unix(cron:session): session closed for user root
2026-07-26T14:38:52.127779+00:00 ubuuntu sudo:     main : TTY=pts/3 ; PWD=/home/main/cpam/C-PAM ; USER=root ; COMMAND=/usr/bin/ls /bin
2026-07-26T14:38:52.139228+00:00 ubuuntu sudo: pam_unix(sudo:session): session opened for user root(uid=0) by main(uid=1000)
2026-07-26T14:38:52.158777+00:00 ubuuntu sudo: pam_unix(sudo:session): session closed for user root
2026-07-26T14:40:51.102482+00:00 ubuuntu sudo:     main : TTY=pts/3 ; PWD=/home/main/cpam/C-PAM ; USER=root ; COMMAND=/usr/bin/ls /bin
2026-07-26T14:40:51.106642+00:00 ubuuntu sudo: pam_unix(sudo:session): session opened for user root(uid=0) by main(uid=1000)
2026-07-26T14:40:51.131195+00:00 ubuuntu sudo: pam_unix(sudo:session): session closed for user root
2026-07-26T14:41:39.964806+00:00 ubuuntu sudo:     main : TTY=pts/3 ; PWD=/home/main/cpam/C-PAM ; USER=root ; COMMAND=/usr/bin/ls /etc/
2026-07-26T14:41:39.973892+00:00 ubuuntu sudo: pam_unix(sudo:session): session opened for user root(uid=0) by main(uid=1000)
2026-07-26T14:41:39.986728+00:00 ubuuntu sudo: pam_unix(sudo:session): session closed for user root
2026-07-26T14:43:56.446909+00:00 ubuuntu sudo:     main : TTY=pts/3 ; PWD=/home/main/cpam/C-PAM ; USER=root ; COMMAND=/usr/bin/ls /usr/
2026-07-26T14:43:56.474433+00:00 ubuuntu sudo: pam_unix(sudo:session): session opened for user root(uid=0) by main(uid=1000)
2026-07-26T14:43:56.474499+00:00 ubuuntu sudo: pam_unix(sudo:session): session closed for user root
2026-07-26T14:45:01.603179+00:00 ubuuntu CRON[11079]: pam_unix(cron:session): session opened for user root(uid=0) by root(uid=0)
2026-07-26T14:45:01.664283+00:00 ubuuntu CRON[11079]: pam_unix(cron:session): session closed for user root
2026-07-26T14:55:01.985317+00:00 ubuuntu CRON[11192]: pam_unix(cron:session): session opened for user root(uid=0) by root(uid=0)
2026-07-26T14:55:02.008581+00:00 ubuuntu CRON[11192]: pam_unix(cron:session): session closed for user root
2026-07-26T15:57:18.651234+00:00 ubuuntu CRON[11271]: pam_unix(cron:session): session opened for user root(uid=0) by root(uid=0)
2026-07-26T15:57:18.901861+00:00 ubuuntu CRON[11271]: pam_unix(cron:session): session closed for user root
2026-07-26T16:05:01.158570+00:00 ubuuntu CRON[11357]: pam_unix(cron:session): session opened for user root(uid=0) by root(uid=0)
2026-07-26T16:05:01.231903+00:00 ubuuntu CRON[11357]: pam_unix(cron:session): session closed for user root
2026-07-26T16:15:01.389890+00:00 ubuuntu CRON[11449]: pam_unix(cron:session): session opened for user root(uid=0) by root(uid=0)
2026-07-26T16:15:01.454398+00:00 ubuuntu CRON[11449]: pam_unix(cron:session): session closed for user root
2026-07-26T16:17:01.515582+00:00 ubuuntu CRON[11467]: pam_unix(cron:session): session opened for user root(uid=0) by root(uid=0)
2026-07-26T16:17:01.577187+00:00 ubuuntu CRON[11467]: pam_unix(cron:session): session closed for user root
2026-07-26T16:25:01.724588+00:00 ubuuntu CRON[11519]: pam_unix(cron:session): session opened for user root(uid=0) by root(uid=0)
2026-07-26T16:25:01.789917+00:00 ubuuntu CRON[11519]: pam_unix(cron:session): session closed for user root
2026-07-26T16:29:57.007867+00:00 ubuuntu gdm-password]: gkr-pam: unlocked login keyring
2026-07-26T16:30:02.007479+00:00 ubuuntu CRON[11632]: pam_unix(cron:session): session opened for user root(uid=0) by root(uid=0)
2026-07-26T16:30:02.071478+00:00 ubuuntu CRON[11632]: pam_unix(cron:session): session closed for user root
2026-07-26T16:35:01.135897+00:00 ubuuntu CRON[11873]: pam_unix(cron:session): session opened for user root(uid=0) by root(uid=0)
2026-07-26T16:35:01.149467+00:00 ubuuntu CRON[11873]: pam_unix(cron:session): session closed for user root
2026-07-26T16:45:01.295366+00:00 ubuuntu CRON[12280]: pam_unix(cron:session): session opened for user root(uid=0) by root(uid=0)
2026-07-26T16:45:01.306833+00:00 ubuuntu CRON[12280]: pam_unix(cron:session): session closed for user root
2026-07-26T16:48:53.661687+00:00 ubuuntu gdm-password]: gkr-pam: unlocked login keyring
2026-07-26T16:55:01.521218+00:00 ubuuntu CRON[12747]: pam_unix(cron:session): session opened for user root(uid=0) by root(uid=0)
2026-07-26T16:55:01.635355+00:00 ubuuntu CRON[12747]: pam_unix(cron:session): session closed for user root
2026-07-26T17:05:01.905195+00:00 ubuuntu CRON[13078]: pam_unix(cron:session): session opened for user root(uid=0) by root(uid=0)
2026-07-26T17:05:01.921055+00:00 ubuuntu CRON[13078]: pam_unix(cron:session): session closed for user root
2026-07-26T17:05:38.944622+00:00 ubuuntu sudo:     main : TTY=pts/3 ; PWD=/home/main/cpam/C-PAM ; USER=root ; COMMAND=/usr/bin/ls /
2026-07-26T17:05:38.962915+00:00 ubuuntu sudo: pam_unix(sudo:session): session opened for user root(uid=0) by main(uid=1000)
2026-07-26T17:05:38.963992+00:00 ubuuntu sudo: pam_unix(sudo:session): session closed for user root
2026-07-26T17:08:20.009133+00:00 ubuuntu systemd-logind[687]: Power key pressed short.
2026-07-26T17:08:20.034294+00:00 ubuuntu systemd-logind[687]: The system will power off now!
2026-07-26T17:08:20.173425+00:00 ubuuntu systemd-logind[687]: System is powering down.
2026-07-26T17:08:20.342934+00:00 ubuuntu gdm-password]: pam_unix(gdm-password:session): session closed for user main
2026-07-27T14:40:36.599748+00:00 ubuuntu systemd-logind[751]: Watching system buttons on /dev/input/event0 (Power Button)
2026-07-27T14:40:36.599751+00:00 ubuuntu systemd-logind[751]: Watching system buttons on /dev/input/event1 (Sleep Button)
2026-07-27T14:40:36.599754+00:00 ubuuntu systemd-logind[751]: Watching system buttons on /dev/input/event2 (AT Translated Set 2 keyboard)
2026-07-27T14:40:36.599757+00:00 ubuuntu systemd-logind[751]: New seat seat0.
2026-07-27T14:40:36.701797+00:00 ubuuntu polkitd[728]: Loading rules from directory /etc/polkit-1/rules.d
2026-07-27T14:40:36.701848+00:00 ubuuntu polkitd[728]: Loading rules from directory /usr/share/polkit-1/rules.d
2026-07-27T14:40:37.149604+00:00 ubuuntu polkitd[728]: Finished loading, compiling and executing 16 rules
2026-07-27T14:40:37.245394+00:00 ubuuntu polkitd[728]: Acquired the name org.freedesktop.PolicyKit1 on the system bus
2026-07-27T14:40:42.443887+00:00 ubuuntu gdm-launch-environment]: pam_unix(gdm-launch-environment:session): session opened for user gdm(uid=120) by (uid=0)
2026-07-27T14:40:42.505983+00:00 ubuuntu systemd-logind[751]: New session c1 of user gdm.
2026-07-27T14:40:43.462863+00:00 ubuuntu (systemd): pam_unix(systemd-user:session): session opened for user gdm(uid=120) by gdm(uid=0)
2026-07-27T14:40:49.342318+00:00 ubuuntu polkitd[728]: Registered Authentication Agent for unix-session:c1 (system bus name :1.34 [/usr/bin/gnome-shell], object path /org/freedesktop/PolicyKit1/AuthenticationAgent, locale en_US.UTF-8)
2026-07-27T14:41:01.348455+00:00 ubuuntu gdm-password]: gkr-pam: unable to locate daemon control file
2026-07-27T14:41:01.348883+00:00 ubuuntu gdm-password]: gkr-pam: stashed password to try later in open session
2026-07-27T14:41:01.458166+00:00 ubuuntu gdm-password]: pam_unix(gdm-password:session): session opened for user main(uid=1000) by main(uid=0)
2026-07-27T14:41:01.488105+00:00 ubuuntu systemd-logind[751]: New session 2 of user main.
2026-07-27T14:41:01.573740+00:00 ubuuntu (systemd): pam_unix(systemd-user:session): session opened for user main(uid=1000) by main(uid=0)
2026-07-27T14:41:02.536986+00:00 ubuuntu gdm-password]: gkr-pam: unlocked login keyring
2026-07-27T14:41:04.803360+00:00 ubuuntu gnome-keyring-daemon[1850]: The Secret Service was already initialized
2026-07-27T14:41:04.803943+00:00 ubuuntu gnome-keyring-daemon[2073]: discover_other_daemon: 1
2026-07-27T14:41:04.818745+00:00 ubuuntu gnome-keyring-daemon[1850]: The PKCS#11 component was already initialized
2026-07-27T14:41:04.819844+00:00 ubuuntu gnome-keyring-daemon[2077]: discover_other_daemon: 1
2026-07-27T14:41:04.820478+00:00 ubuuntu gnome-keyring-daemon[2078]: discover_other_daemon: 1
2026-07-27T14:41:09.783742+00:00 ubuuntu polkitd[728]: Registered Authentication Agent for unix-session:2 (system bus name :1.71 [/usr/bin/gnome-shell], object path /org/freedesktop/PolicyKit1/AuthenticationAgent, locale en_US.UTF-8)
2026-07-27T14:41:11.576007+00:00 ubuuntu gdm-launch-environment]: pam_unix(gdm-launch-environment:session): session closed for user gdm
2026-07-27T14:41:11.799453+00:00 ubuuntu systemd-logind[751]: Session c1 logged out. Waiting for processes to exit.
2026-07-27T14:41:12.098477+00:00 ubuuntu systemd-logind[751]: Removed session c1.
2026-07-27T14:41:12.283820+00:00 ubuuntu polkitd[728]: Unregistered Authentication Agent for unix-session:c1 (system bus name :1.34, object path /org/freedesktop/PolicyKit1/AuthenticationAgent, locale en_US.UTF-8) (disconnected from bus)
2026-07-27T14:41:22.608682+00:00 ubuuntu (sd-pam): pam_unix(systemd-user:session): session closed for user gdm
2026-07-27T14:45:02.040172+00:00 ubuuntu CRON[3038]: pam_unix(cron:session): session opened for user root(uid=0) by root(uid=0)
2026-07-27T14:45:02.054275+00:00 ubuuntu CRON[3038]: pam_unix(cron:session): session closed for user root
2026-07-27T14:48:05.765753+00:00 ubuuntu gnome-keyring-daemon[1850]: asked to register item /org/freedesktop/secrets/collection/login/1, but it's already registered
2026-07-27T14:48:24.575219+00:00 ubuuntu dbus-daemon[677]: [system] Failed to activate service 'org.bluez': timed out (service_start_timeout=25000ms)
2026-07-27T14:55:01.406827+00:00 ubuuntu CRON[3640]: pam_unix(cron:session): session opened for user root(uid=0) by root(uid=0)
2026-07-27T14:55:01.423737+00:00 ubuuntu CRON[3640]: pam_unix(cron:session): session closed for user root
2026-07-27T14:59:22.776655+00:00 ubuuntu gdm-password]: gkr-pam: unlocked login keyring
2026-07-27T15:01:06.170636+00:00 ubuuntu dbus-daemon[677]: [system] Failed to activate service 'org.bluez': timed out (service_start_timeout=25000ms)
2026-07-27T15:05:01.699256+00:00 ubuuntu CRON[3965]: pam_unix(cron:session): session opened for user root(uid=0) by root(uid=0)
2026-07-27T15:05:01.759344+00:00 ubuuntu CRON[3965]: pam_unix(cron:session): session closed for user root
2026-07-27T15:07:13.624716+00:00 ubuuntu gdm-password]: gkr-pam: unlocked login keyring
2026-07-27T15:13:08.847576+00:00 ubuuntu systemd-logind[751]: The system will power off now!
2026-07-27T15:13:08.988295+00:00 ubuuntu systemd-logind[751]: System is powering down.
2026-07-27T15:13:09.171385+00:00 ubuuntu gdm-password]: pam_unix(gdm-password:session): session closed for user main
2026-07-27T16:44:23.904559+00:00 ubuuntu systemd-logind[841]: New seat seat0.
2026-07-27T16:44:23.904712+00:00 ubuuntu systemd-logind[841]: Watching system buttons on /dev/input/event0 (Power Button)
2026-07-27T16:44:23.904789+00:00 ubuuntu systemd-logind[841]: Watching system buttons on /dev/input/event1 (Sleep Button)
2026-07-27T16:44:23.904802+00:00 ubuuntu systemd-logind[841]: Watching system buttons on /dev/input/event2 (AT Translated Set 2 keyboard)
2026-07-27T16:44:26.612050+00:00 ubuuntu polkitd[803]: Loading rules from directory /etc/polkit-1/rules.d
2026-07-27T16:44:26.636505+00:00 ubuuntu polkitd[803]: Loading rules from directory /usr/share/polkit-1/rules.d
2026-07-27T16:44:27.855249+00:00 ubuuntu polkitd[803]: Finished loading, compiling and executing 16 rules
2026-07-27T16:44:28.387110+00:00 ubuuntu polkitd[803]: Acquired the name org.freedesktop.PolicyKit1 on the system bus
2026-07-27T16:44:45.344954+00:00 ubuuntu gdm-launch-environment]: pam_unix(gdm-launch-environment:session): session opened for user gdm(uid=120) by (uid=0)
2026-07-27T16:44:45.493607+00:00 ubuuntu systemd-logind[841]: New session c1 of user gdm.
2026-07-27T16:44:45.734039+00:00 ubuuntu (systemd): pam_unix(systemd-user:session): session opened for user gdm(uid=120) by gdm(uid=0)
2026-07-27T16:45:01.880271+00:00 ubuuntu CRON[1405]: pam_unix(cron:session): session opened for user root(uid=0) by root(uid=0)
2026-07-27T16:45:01.956283+00:00 ubuuntu CRON[1405]: pam_unix(cron:session): session closed for user root
2026-07-27T16:45:11.470563+00:00 ubuuntu polkitd[803]: Registered Authentication Agent for unix-session:c1 (system bus name :1.35 [/usr/bin/gnome-shell], object path /org/freedesktop/PolicyKit1/AuthenticationAgent, locale en_US.UTF-8)
2026-07-27T16:45:23.677493+00:00 ubuuntu gdm-password]: gkr-pam: unable to locate daemon control file
2026-07-27T16:45:23.677679+00:00 ubuuntu gdm-password]: gkr-pam: stashed password to try later in open session
2026-07-27T16:45:23.717615+00:00 ubuuntu gdm-password]: pam_unix(gdm-password:session): session opened for user main(uid=1000) by main(uid=0)
2026-07-27T16:45:23.741514+00:00 ubuuntu systemd-logind[841]: New session 3 of user main.
2026-07-27T16:45:23.798978+00:00 ubuuntu (systemd): pam_unix(systemd-user:session): session opened for user main(uid=1000) by main(uid=0)
2026-07-27T16:45:24.581709+00:00 ubuuntu gdm-password]: gkr-pam: unlocked login keyring
2026-07-27T16:45:25.500895+00:00 ubuuntu gnome-keyring-daemon[1869]: The Secret Service was already initialized
2026-07-27T16:45:25.512913+00:00 ubuuntu gnome-keyring-daemon[2063]: discover_other_daemon: 1
2026-07-27T16:45:25.513102+00:00 ubuuntu gnome-keyring-daemon[2062]: discover_other_daemon: 1
2026-07-27T16:45:25.517350+00:00 ubuuntu gnome-keyring-daemon[1869]: The PKCS#11 component was already initialized
2026-07-27T16:45:25.518143+00:00 ubuuntu gnome-keyring-daemon[2070]: discover_other_daemon: 1
2026-07-27T16:45:30.020163+00:00 ubuuntu polkitd[803]: Registered Authentication Agent for unix-session:3 (system bus name :1.73 [/usr/bin/gnome-shell], object path /org/freedesktop/PolicyKit1/AuthenticationAgent, locale en_US.UTF-8)
2026-07-27T16:45:30.934669+00:00 ubuuntu gdm-launch-environment]: pam_unix(gdm-launch-environment:session): session closed for user gdm
2026-07-27T16:45:31.050723+00:00 ubuuntu systemd-logind[841]: Session c1 logged out. Waiting for processes to exit.
2026-07-27T16:45:31.146386+00:00 ubuuntu polkitd[803]: Unregistered Authentication Agent for unix-session:c1 (system bus name :1.35, object path /org/freedesktop/PolicyKit1/AuthenticationAgent, locale en_US.UTF-8) (disconnected from bus)
2026-07-27T16:45:31.227509+00:00 ubuuntu systemd-logind[841]: Removed session c1.
2026-07-27T16:45:41.788903+00:00 ubuuntu (sd-pam): pam_unix(systemd-user:session): session closed for user gdm
2026-07-27T16:55:01.338277+00:00 ubuuntu CRON[3180]: pam_unix(cron:session): session opened for user root(uid=0) by root(uid=0)
2026-07-27T16:55:01.349718+00:00 ubuuntu CRON[3180]: pam_unix(cron:session): session closed for user root
2026-07-27T17:04:52.295937+00:00 ubuuntu gdm-password]: gkr-pam: unlocked login keyring
2026-07-27T17:05:01.423662+00:00 ubuuntu CRON[3465]: pam_unix(cron:session): session opened for user root(uid=0) by root(uid=0)
2026-07-27T17:05:01.440984+00:00 ubuuntu CRON[3465]: pam_unix(cron:session): session closed for user root
2026-07-27T17:09:25.789654+00:00 ubuuntu systemd-logind[841]: The system will power off now!
2026-07-27T17:09:25.853551+00:00 ubuuntu systemd-logind[841]: System is powering down.
2026-07-27T17:09:26.041446+00:00 ubuuntu gdm-password]: pam_unix(gdm-password:session): session closed for user main
2026-07-27T17:10:49.934391+00:00 ubuuntu systemd-logind[724]: Watching system buttons on /dev/input/event0 (Power Button)
2026-07-27T17:10:49.934397+00:00 ubuuntu systemd-logind[724]: Watching system buttons on /dev/input/event1 (Sleep Button)
2026-07-27T17:10:49.934401+00:00 ubuuntu systemd-logind[724]: Watching system buttons on /dev/input/event2 (AT Translated Set 2 keyboard)
2026-07-27T17:10:49.934412+00:00 ubuuntu systemd-logind[724]: New seat seat0.
2026-07-27T17:10:49.934486+00:00 ubuuntu polkitd[704]: Loading rules from directory /etc/polkit-1/rules.d
2026-07-27T17:10:49.934490+00:00 ubuuntu polkitd[704]: Loading rules from directory /usr/share/polkit-1/rules.d
2026-07-27T17:10:50.020428+00:00 ubuuntu polkitd[704]: Finished loading, compiling and executing 16 rules
2026-07-27T17:10:50.075979+00:00 ubuuntu polkitd[704]: Acquired the name org.freedesktop.PolicyKit1 on the system bus
2026-07-27T17:10:53.085087+00:00 ubuuntu gdm-launch-environment]: pam_unix(gdm-launch-environment:session): session opened for user gdm(uid=120) by (uid=0)
2026-07-27T17:10:53.178598+00:00 ubuuntu systemd-logind[724]: New session c1 of user gdm.
2026-07-27T17:10:53.233070+00:00 ubuuntu (systemd): pam_unix(systemd-user:session): session opened for user gdm(uid=120) by gdm(uid=0)
2026-07-27T17:10:57.638229+00:00 ubuuntu polkitd[704]: Registered Authentication Agent for unix-session:c1 (system bus name :1.38 [/usr/bin/gnome-shell], object path /org/freedesktop/PolicyKit1/AuthenticationAgent, locale en_US.UTF-8)
2026-07-27T17:13:08.993497+00:00 ubuuntu gdm-password]: gkr-pam: unable to locate daemon control file
2026-07-27T17:13:08.993856+00:00 ubuuntu gdm-password]: gkr-pam: stashed password to try later in open session
2026-07-27T17:13:09.027430+00:00 ubuuntu gdm-password]: pam_unix(gdm-password:session): session opened for user main(uid=1000) by main(uid=0)
2026-07-27T17:13:09.070527+00:00 ubuuntu systemd-logind[724]: New session 2 of user main.
2026-07-27T17:13:09.118189+00:00 ubuuntu (systemd): pam_unix(systemd-user:session): session opened for user main(uid=1000) by main(uid=0)
2026-07-27T17:13:09.660784+00:00 ubuuntu gdm-password]: gkr-pam: unlocked login keyring
2026-07-27T17:13:10.510725+00:00 ubuuntu gnome-keyring-daemon[1979]: The Secret Service was already initialized
2026-07-27T17:13:10.511728+00:00 ubuuntu gnome-keyring-daemon[2177]: discover_other_daemon: 1
2026-07-27T17:13:10.520209+00:00 ubuuntu gnome-keyring-daemon[1979]: The PKCS#11 component was already initialized
2026-07-27T17:13:10.527031+00:00 ubuuntu gnome-keyring-daemon[2181]: discover_other_daemon: 1
2026-07-27T17:13:10.532292+00:00 ubuuntu gnome-keyring-daemon[2182]: discover_other_daemon: 1
2026-07-27T17:13:13.787695+00:00 ubuuntu polkitd[704]: Registered Authentication Agent for unix-session:2 (system bus name :1.77 [/usr/bin/gnome-shell], object path /org/freedesktop/PolicyKit1/AuthenticationAgent, locale en_US.UTF-8)
2026-07-27T17:13:15.228483+00:00 ubuuntu gdm-launch-environment]: pam_unix(gdm-launch-environment:session): session closed for user gdm
2026-07-27T17:13:15.304417+00:00 ubuuntu polkitd[704]: Unregistered Authentication Agent for unix-session:c1 (system bus name :1.38, object path /org/freedesktop/PolicyKit1/AuthenticationAgent, locale en_US.UTF-8) (disconnected from bus)
2026-07-27T17:13:15.333526+00:00 ubuuntu systemd-logind[724]: Session c1 logged out. Waiting for processes to exit.
2026-07-27T17:13:15.338330+00:00 ubuuntu systemd-logind[724]: Removed session c1.
2026-07-27T17:15:01.442741+00:00 ubuuntu CRON[3036]: pam_unix(cron:session): session opened for user root(uid=0) by root(uid=0)
2026-07-27T17:15:01.457817+00:00 ubuuntu CRON[3036]: pam_unix(cron:session): session closed for user root
2026-07-27T17:15:21.536601+00:00 ubuuntu gnome-keyring-daemon[1979]: asked to register item /org/freedesktop/secrets/collection/login/1, but it's already registered
2026-07-27T17:15:37.300609+00:00 ubuuntu dbus-daemon[694]: [system] Failed to activate service 'org.bluez': timed out (service_start_timeout=25000ms)
2026-07-27T17:17:01.463014+00:00 ubuuntu CRON[3510]: pam_unix(cron:session): session opened for user root(uid=0) by root(uid=0)
2026-07-27T17:17:01.489382+00:00 ubuuntu CRON[3510]: pam_unix(cron:session): session closed for user root
2026-07-27T17:25:01.540457+00:00 ubuuntu CRON[5203]: pam_unix(cron:session): session opened for user root(uid=0) by root(uid=0)
2026-07-27T17:25:01.548313+00:00 ubuuntu CRON[5203]: pam_unix(cron:session): session closed for user root
2026-07-27T17:30:01.740898+00:00 ubuuntu CRON[5824]: pam_unix(cron:session): session opened for user root(uid=0) by root(uid=0)
2026-07-27T17:30:02.275867+00:00 ubuuntu CRON[5824]: pam_unix(cron:session): session closed for user root
2026-07-27T17:35:01.582740+00:00 ubuuntu CRON[6236]: pam_unix(cron:session): session opened for user root(uid=0) by root(uid=0)
2026-07-27T17:35:02.065463+00:00 ubuuntu CRON[6236]: pam_unix(cron:session): session closed for user root
2026-07-27T17:41:49.373120+00:00 ubuuntu gdm-password]: gkr-pam: unlocked login keyring
2026-07-27T17:45:01.573224+00:00 ubuuntu CRON[7166]: pam_unix(cron:session): session opened for user root(uid=0) by root(uid=0)
2026-07-27T17:45:02.195873+00:00 ubuuntu CRON[7166]: pam_unix(cron:session): session closed for user root
2026-07-27T17:46:17.581464+00:00 ubuuntu dbus-daemon[694]: [system] Failed to activate service 'org.bluez': timed out (service_start_timeout=25000ms)
2026-07-27T17:47:53.723011+00:00 ubuuntu gdm-password]: gkr-pam: unlocked login keyring
2026-07-27T17:49:34.095096+00:00 ubuuntu sudo:     main : TTY=pts/3 ; PWD=/home/main ; USER=root ; COMMAND=/usr/bin/ls /etc/
2026-07-27T17:49:34.109095+00:00 ubuuntu sudo: pam_unix(sudo:session): session opened for user root(uid=0) by main(uid=1000)
2026-07-27T17:49:34.145431+00:00 ubuuntu sudo: pam_unix(sudo:session): session closed for user root
2026-07-27T17:54:29.537123+00:00 ubuuntu sudo:     main : TTY=pts/3 ; PWD=/home/main ; USER=root ; COMMAND=/usr/bin/ls /bin
2026-07-27T17:54:29.646964+00:00 ubuuntu sudo: pam_unix(sudo:session): session opened for user root(uid=0) by main(uid=1000)
2026-07-27T17:54:29.740650+00:00 ubuuntu sudo: pam_unix(sudo:session): session closed for user root
2026-07-27T17:55:01.402401+00:00 ubuuntu CRON[9165]: pam_unix(cron:session): session opened for user root(uid=0) by root(uid=0)
2026-07-27T17:55:01.525156+00:00 ubuuntu CRON[9165]: pam_unix(cron:session): session closed for user root
2026-07-27T18:02:27.221797+00:00 ubuuntu systemd-logind[724]: Power key pressed short.
2026-07-27T18:02:27.476106+00:00 ubuuntu systemd-logind[724]: The system will power off now!
2026-07-27T18:02:27.727525+00:00 ubuuntu systemd-logind[724]: System is powering down.
2026-07-27T18:02:27.956137+00:00 ubuuntu gdm-password]: pam_unix(gdm-password:session): session closed for user main
2026-07-28T04:21:44.135820+00:00 ubuuntu systemd-logind[735]: Watching system buttons on /dev/input/event0 (Power Button)
2026-07-28T04:21:44.135824+00:00 ubuuntu systemd-logind[735]: Watching system buttons on /dev/input/event1 (Sleep Button)
2026-07-28T04:21:44.135846+00:00 ubuuntu systemd-logind[735]: Watching system buttons on /dev/input/event2 (AT Translated Set 2 keyboard)
2026-07-28T04:21:44.135849+00:00 ubuuntu systemd-logind[735]: New seat seat0.
2026-07-28T04:21:44.540320+00:00 ubuuntu polkitd[715]: Loading rules from directory /etc/polkit-1/rules.d
2026-07-28T04:21:44.545003+00:00 ubuuntu polkitd[715]: Loading rules from directory /usr/share/polkit-1/rules.d
2026-07-28T04:21:44.943034+00:00 ubuuntu polkitd[715]: Finished loading, compiling and executing 16 rules
2026-07-28T04:21:45.027543+00:00 ubuuntu polkitd[715]: Acquired the name org.freedesktop.PolicyKit1 on the system bus
2026-07-28T04:21:48.411589+00:00 ubuuntu gdm-launch-environment]: pam_unix(gdm-launch-environment:session): session opened for user gdm(uid=120) by (uid=0)
2026-07-28T04:21:48.479990+00:00 ubuuntu systemd-logind[735]: New session c1 of user gdm.
2026-07-28T04:21:48.525809+00:00 ubuuntu (systemd): pam_unix(systemd-user:session): session opened for user gdm(uid=120) by gdm(uid=0)
2026-07-28T04:21:53.889279+00:00 ubuuntu polkitd[715]: Registered Authentication Agent for unix-session:c1 (system bus name :1.38 [/usr/bin/gnome-shell], object path /org/freedesktop/PolicyKit1/AuthenticationAgent, locale en_US.UTF-8)
2026-07-28T04:22:03.078358+00:00 ubuuntu gdm-password]: gkr-pam: unable to locate daemon control file
2026-07-28T04:22:03.078740+00:00 ubuuntu gdm-password]: gkr-pam: stashed password to try later in open session
2026-07-28T04:22:03.122887+00:00 ubuuntu gdm-password]: pam_unix(gdm-password:session): session opened for user main(uid=1000) by main(uid=0)
2026-07-28T04:22:03.143818+00:00 ubuuntu systemd-logind[735]: New session 2 of user main.
2026-07-28T04:22:03.210964+00:00 ubuuntu (systemd): pam_unix(systemd-user:session): session opened for user main(uid=1000) by main(uid=0)
2026-07-28T04:22:05.030193+00:00 ubuuntu gdm-password]: gkr-pam: unlocked login keyring
2026-07-28T04:22:05.812759+00:00 ubuuntu gnome-keyring-daemon[1848]: The Secret Service was already initialized
2026-07-28T04:22:05.813435+00:00 ubuuntu gnome-keyring-daemon[2056]: discover_other_daemon: 1
2026-07-28T04:22:05.848527+00:00 ubuuntu gnome-keyring-daemon[1848]: The PKCS#11 component was already initialized
2026-07-28T04:22:05.848836+00:00 ubuuntu gnome-keyring-daemon[2063]: discover_other_daemon: 1
2026-07-28T04:22:05.848883+00:00 ubuuntu gnome-keyring-daemon[2058]: discover_other_daemon: 1
2026-07-28T04:22:08.869530+00:00 ubuuntu polkitd[715]: Registered Authentication Agent for unix-session:2 (system bus name :1.75 [/usr/bin/gnome-shell], object path /org/freedesktop/PolicyKit1/AuthenticationAgent, locale en_US.UTF-8)
2026-07-28T04:22:10.146865+00:00 ubuuntu gdm-launch-environment]: pam_unix(gdm-launch-environment:session): session closed for user gdm
2026-07-28T04:22:10.280423+00:00 ubuuntu systemd-logind[735]: Session c1 logged out. Waiting for processes to exit.
2026-07-28T04:22:10.341260+00:00 ubuuntu systemd-logind[735]: Removed session c1.
2026-07-28T04:22:10.392116+00:00 ubuuntu polkitd[715]: Unregistered Authentication Agent for unix-session:c1 (system bus name :1.38, object path /org/freedesktop/PolicyKit1/AuthenticationAgent, locale en_US.UTF-8) (disconnected from bus)
2026-07-28T04:25:01.521889+00:00 ubuuntu CRON[2881]: pam_unix(cron:session): session opened for user root(uid=0) by root(uid=0)
2026-07-28T04:25:01.546052+00:00 ubuuntu CRON[2881]: pam_unix(cron:session): session closed for user root
2026-07-28T04:27:39.736331+00:00 ubuuntu systemd-logind[735]: Power key pressed short.
2026-07-28T04:27:39.763505+00:00 ubuuntu systemd-logind[735]: The system will power off now!
2026-07-28T04:27:39.795825+00:00 ubuuntu systemd-logind[735]: System is powering down.
2026-07-28T04:27:39.841165+00:00 ubuuntu gdm-password]: pam_unix(gdm-password:session): session closed for user main
2026-07-28T04:28:55.203488+00:00 ubuuntu systemd-logind[831]: New seat seat0.
2026-07-28T04:28:55.203490+00:00 ubuuntu systemd-logind[831]: Watching system buttons on /dev/input/event0 (Power Button)
2026-07-28T04:28:55.203491+00:00 ubuuntu systemd-logind[831]: Watching system buttons on /dev/input/event1 (Sleep Button)
2026-07-28T04:28:55.203493+00:00 ubuuntu systemd-logind[831]: Watching system buttons on /dev/input/event2 (AT Translated Set 2 keyboard)
2026-07-28T04:28:55.526087+00:00 ubuuntu polkitd[812]: Loading rules from directory /etc/polkit-1/rules.d
2026-07-28T04:28:55.543639+00:00 ubuuntu polkitd[812]: Loading rules from directory /usr/share/polkit-1/rules.d
2026-07-28T04:28:55.787487+00:00 ubuuntu polkitd[812]: Finished loading, compiling and executing 16 rules
2026-07-28T04:28:55.792341+00:00 ubuuntu polkitd[812]: Acquired the name org.freedesktop.PolicyKit1 on the system bus
2026-07-28T04:28:58.463275+00:00 ubuuntu gdm-launch-environment]: pam_unix(gdm-launch-environment:session): session opened for user gdm(uid=120) by (uid=0)
2026-07-28T04:28:58.575236+00:00 ubuuntu systemd-logind[831]: New session c1 of user gdm.
2026-07-28T04:28:58.744603+00:00 ubuuntu (systemd): pam_unix(systemd-user:session): session opened for user gdm(uid=120) by gdm(uid=0)
2026-07-28T04:29:03.944871+00:00 ubuuntu polkitd[812]: Registered Authentication Agent for unix-session:c1 (system bus name :1.38 [/usr/bin/gnome-shell], object path /org/freedesktop/PolicyKit1/AuthenticationAgent, locale en_US.UTF-8)
2026-07-28T04:29:08.253508+00:00 ubuuntu gdm-password]: pam_unix(gdm-password:auth): authentication failure; logname= uid=0 euid=0 tty=/dev/tty1 ruser= rhost=  user=main
2026-07-28T04:29:14.591168+00:00 ubuuntu gdm-password]: gkr-pam: unable to locate daemon control file
2026-07-28T04:29:14.591643+00:00 ubuuntu gdm-password]: gkr-pam: stashed password to try later in open session
2026-07-28T04:29:14.634893+00:00 ubuuntu gdm-password]: pam_unix(gdm-password:session): session opened for user main(uid=1000) by main(uid=0)
2026-07-28T04:29:14.674546+00:00 ubuuntu systemd-logind[831]: New session 2 of user main.
2026-07-28T04:29:14.751152+00:00 ubuuntu (systemd): pam_unix(systemd-user:session): session opened for user main(uid=1000) by main(uid=0)
2026-07-28T04:29:15.333999+00:00 ubuuntu gdm-password]: gkr-pam: unlocked login keyring
2026-07-28T04:29:16.379876+00:00 ubuuntu gnome-keyring-daemon[1884]: The Secret Service was already initialized
2026-07-28T04:29:16.380435+00:00 ubuuntu gnome-keyring-daemon[2091]: discover_other_daemon: 1
2026-07-28T04:29:16.407025+00:00 ubuuntu gnome-keyring-daemon[1884]: The PKCS#11 component was already initialized
2026-07-28T04:29:16.408018+00:00 ubuuntu gnome-keyring-daemon[2101]: discover_other_daemon: 1
2026-07-28T04:29:16.408571+00:00 ubuuntu gnome-keyring-daemon[2100]: discover_other_daemon: 1
2026-07-28T04:29:20.182257+00:00 ubuuntu polkitd[812]: Registered Authentication Agent for unix-session:2 (system bus name :1.77 [/usr/bin/gnome-shell], object path /org/freedesktop/PolicyKit1/AuthenticationAgent, locale en_US.UTF-8)
2026-07-28T04:29:21.305828+00:00 ubuuntu gdm-launch-environment]: pam_unix(gdm-launch-environment:session): session closed for user gdm
2026-07-28T04:29:21.440661+00:00 ubuuntu systemd-logind[831]: Session c1 logged out. Waiting for processes to exit.
2026-07-28T04:29:21.498271+00:00 ubuuntu polkitd[812]: Unregistered Authentication Agent for unix-session:c1 (system bus name :1.38, object path /org/freedesktop/PolicyKit1/AuthenticationAgent, locale en_US.UTF-8) (disconnected from bus)
2026-07-28T04:29:21.543497+00:00 ubuuntu systemd-logind[831]: Removed session c1.
2026-07-28T04:29:30.423914+00:00 ubuuntu (sd-pam): pam_unix(systemd-user:session): session closed for user gdm
2026-07-28T04:35:02.206667+00:00 ubuuntu CRON[3189]: pam_unix(cron:session): session opened for user root(uid=0) by root(uid=0)
2026-07-28T04:35:02.242991+00:00 ubuuntu CRON[3189]: pam_unix(cron:session): session closed for user root
2026-07-28T04:42:16.640675+00:00 ubuuntu gdm-password]: pam_unix(gdm-password:auth): authentication failure; logname=main uid=0 euid=0 tty=/dev/tty1 ruser= rhost=  user=main
2026-07-28T04:42:41.377189+00:00 ubuuntu gdm-password]: gkr-pam: unlocked login keyring
2026-07-28T04:44:44.590455+00:00 ubuuntu sudo:     main : TTY=pts/2 ; PWD=/home/main ; USER=root ; COMMAND=/usr/bin/cat /etc/passwd
2026-07-28T04:44:44.606284+00:00 ubuuntu sudo: pam_unix(sudo:session): session opened for user root(uid=0) by main(uid=1000)
2026-07-28T04:44:44.606477+00:00 ubuuntu sudo: pam_unix(sudo:session): session closed for user root
2026-07-28T04:45:01.883048+00:00 ubuuntu CRON[3702]: pam_unix(cron:session): session opened for user root(uid=0) by root(uid=0)
2026-07-28T04:45:01.899006+00:00 ubuuntu CRON[3702]: pam_unix(cron:session): session closed for user root
2026-07-28T04:51:54.298021+00:00 ubuuntu sudo:     main : TTY=pts/2 ; PWD=/home/main ; USER=root ; COMMAND=/usr/sbin/useradd C1
2026-07-28T04:51:54.314343+00:00 ubuuntu sudo: pam_unix(sudo:session): session opened for user root(uid=0) by main(uid=1000)
2026-07-28T04:51:54.362364+00:00 ubuuntu useradd[4598]: new group: name=C1, GID=1001
2026-07-28T04:51:54.362688+00:00 ubuuntu useradd[4598]: new user: name=C1, UID=1001, GID=1001, home=/home/C1, shell=/bin/sh, from=/dev/pts/4
2026-07-28T04:51:54.418154+00:00 ubuuntu sudo: pam_unix(sudo:session): session closed for user root
2026-07-28T04:53:19.031231+00:00 ubuuntu sudo:     main : TTY=pts/2 ; PWD=/home/main ; USER=root ; COMMAND=/usr/bin/passwd C1
2026-07-28T04:53:19.034303+00:00 ubuuntu sudo: pam_unix(sudo:session): session opened for user root(uid=0) by main(uid=1000)
2026-07-28T04:53:22.655696+00:00 ubuuntu passwd[4900]: pam_unix(passwd:chauthtok): password changed for C1
2026-07-28T04:53:22.658453+00:00 ubuuntu passwd[4900]: gkr-pam: couldn't update the login keyring password: no old password was entered
2026-07-28T04:53:22.662427+00:00 ubuuntu sudo: pam_unix(sudo:session): session closed for user root
2026-07-28T04:53:45.193344+00:00 ubuuntu sudo:     main : TTY=pts/2 ; PWD=/home/main ; USER=root ; COMMAND=/usr/sbin/userdel C1
2026-07-28T04:53:45.198539+00:00 ubuuntu sudo: pam_unix(sudo:session): session opened for user root(uid=0) by main(uid=1000)
2026-07-28T04:53:45.242538+00:00 ubuuntu userdel[4991]: delete user 'C1'
2026-07-28T04:53:45.243569+00:00 ubuuntu userdel[4991]: removed group 'C1' owned by 'C1'
2026-07-28T04:53:45.243683+00:00 ubuuntu userdel[4991]: removed shadow group 'C1' owned by 'C1'
2026-07-28T04:53:45.291968+00:00 ubuuntu sudo: pam_unix(sudo:session): session closed for user root
2026-07-28T04:55:02.781131+00:00 ubuuntu CRON[5257]: pam_unix(cron:session): session opened for user root(uid=0) by root(uid=0)
2026-07-28T04:55:02.802146+00:00 ubuuntu CRON[5257]: pam_unix(cron:session): session closed for user root
2026-07-28T04:55:46.610024+00:00 ubuuntu sudo:     main : TTY=pts/2 ; PWD=/home/main ; USER=root ; COMMAND=/usr/sbin/adduser a1
2026-07-28T04:55:46.623265+00:00 ubuuntu sudo: pam_unix(sudo:session): session opened for user root(uid=0) by main(uid=1000)
2026-07-28T04:55:46.746856+00:00 ubuuntu groupadd[5422]: group added to /etc/group: name=a1, GID=1001
2026-07-28T04:55:46.753235+00:00 ubuuntu groupadd[5422]: group added to /etc/gshadow: name=a1
2026-07-28T04:55:46.756582+00:00 ubuuntu groupadd[5422]: new group: name=a1, GID=1001
2026-07-28T04:55:46.790405+00:00 ubuuntu useradd[5429]: new user: name=a1, UID=1001, GID=1001, home=/home/a1, shell=/bin/bash, from=/dev/pts/4
2026-07-28T04:55:49.699927+00:00 ubuuntu passwd[5442]: pam_unix(passwd:chauthtok): password changed for a1
2026-07-28T04:55:49.700544+00:00 ubuuntu passwd[5442]: gkr-pam: couldn't update the login keyring password: no old password was entered
2026-07-28T04:55:53.158543+00:00 ubuuntu chfn[5448]: changed user 'a1' information
2026-07-28T04:55:54.022489+00:00 ubuuntu gpasswd[5468]: members of group users set by root to main,a1
2026-07-28T04:55:54.025549+00:00 ubuuntu sudo: pam_unix(sudo:session): session closed for user root
2026-07-28T04:56:43.468311+00:00 ubuuntu gnome-keyring-daemon[1884]: asked to register item /org/freedesktop/secrets/collection/login/1, but it's already registered
2026-07-28T04:56:59.783400+00:00 ubuuntu dbus-daemon[779]: [system] Failed to activate service 'org.bluez': timed out (service_start_timeout=25000ms)
2026-07-28T05:05:02.141122+00:00 ubuuntu CRON[6907]: pam_unix(cron:session): session opened for user root(uid=0) by root(uid=0)
2026-07-28T05:05:02.197628+00:00 ubuuntu CRON[6907]: pam_unix(cron:session): session closed for user root
2026-07-28T05:07:05.246897+00:00 ubuuntu dbus-daemon[779]: [system] Failed to activate service 'org.bluez': timed out (service_start_timeout=25000ms)
2026-07-28T05:09:31.904745+00:00 ubuuntu gdm-launch-environment]: pam_unix(gdm-launch-environment:session): session opened for user gdm(uid=120) by (uid=0)
2026-07-28T05:09:31.955062+00:00 ubuuntu systemd-logind[831]: New session c2 of user gdm.
2026-07-28T05:09:32.003829+00:00 ubuuntu (systemd): pam_unix(systemd-user:session): session opened for user gdm(uid=120) by gdm(uid=0)
2026-07-28T05:09:34.029615+00:00 ubuuntu polkitd[812]: Registered Authentication Agent for unix-session:c2 (system bus name :1.125 [/usr/bin/gnome-shell], object path /org/freedesktop/PolicyKit1/AuthenticationAgent, locale en_US.UTF-8)
2026-07-28T05:09:38.354897+00:00 ubuuntu gdm-password]: gkr-pam: unable to locate daemon control file
2026-07-28T05:09:38.355513+00:00 ubuuntu gdm-password]: gkr-pam: stashed password to try later in open session
2026-07-28T05:09:38.381730+00:00 ubuuntu gdm-password]: pam_unix(gdm-password:session): session opened for user a1(uid=1001) by a1(uid=0)
2026-07-28T05:09:38.532568+00:00 ubuuntu systemd-logind[831]: New session 9 of user a1.
2026-07-28T05:09:38.728770+00:00 ubuuntu (systemd): pam_unix(systemd-user:session): session opened for user a1(uid=1001) by a1(uid=0)
2026-07-28T05:09:39.270366+00:00 ubuuntu gdm-password]: gkr-pam: unlocked login keyring
2026-07-28T05:09:40.212877+00:00 ubuuntu gnome-keyring-daemon[8510]: The Secret Service was already initialized
2026-07-28T05:09:40.410666+00:00 ubuuntu gnome-keyring-daemon[8859]: discover_other_daemon: 1
2026-07-28T05:09:40.411241+00:00 ubuuntu gnome-keyring-daemon[8510]: The PKCS#11 component was already initialized
2026-07-28T05:09:40.411384+00:00 ubuuntu gnome-keyring-daemon[8867]: discover_other_daemon: 1
2026-07-28T05:09:40.411488+00:00 ubuuntu gnome-keyring-daemon[8871]: discover_other_daemon: 1
2026-07-28T05:09:44.342374+00:00 ubuuntu polkitd[812]: Registered Authentication Agent for unix-session:9 (system bus name :1.158 [/usr/bin/gnome-shell], object path /org/freedesktop/PolicyKit1/AuthenticationAgent, locale en_US.UTF-8)
2026-07-28T05:09:45.435525+00:00 ubuuntu gdm-launch-environment]: pam_unix(gdm-launch-environment:session): session closed for user gdm
2026-07-28T05:09:45.614265+00:00 ubuuntu systemd-logind[831]: Session c2 logged out. Waiting for processes to exit.
2026-07-28T05:09:45.679240+00:00 ubuuntu systemd-logind[831]: Removed session c2.
2026-07-28T05:09:45.715819+00:00 ubuuntu polkitd[812]: Unregistered Authentication Agent for unix-session:c2 (system bus name :1.125, object path /org/freedesktop/PolicyKit1/AuthenticationAgent, locale en_US.UTF-8) (disconnected from bus)
2026-07-28T05:09:56.027195+00:00 ubuuntu (sd-pam): pam_unix(systemd-user:session): session closed for user gdm
2026-07-28T05:10:14.078942+00:00 ubuuntu sudo:       a1 : user NOT in sudoers ; TTY=pts/5 ; PWD=/home/a1 ; USER=root ; COMMAND=/usr/bin/ls /etc
2026-07-28T05:15:01.906450+00:00 ubuuntu CRON[10486]: pam_unix(cron:session): session opened for user root(uid=0) by root(uid=0)
2026-07-28T05:15:01.933494+00:00 ubuuntu CRON[10486]: pam_unix(cron:session): session closed for user root
2026-07-28T05:17:02.124011+00:00 ubuuntu CRON[10537]: pam_unix(cron:session): session opened for user root(uid=0) by root(uid=0)
2026-07-28T05:17:02.167319+00:00 ubuuntu CRON[10537]: pam_unix(cron:session): session closed for user root
2026-07-28T05:18:08.611546+00:00 ubuuntu gnome-keyring-daemon[8510]: couldn't initialize slot with master password: The password or PIN is incorrect
2026-07-28T05:18:08.612168+00:00 ubuuntu gdm-password]: gkr-pam: unlocked login keyring
2026-07-28T05:18:58.898019+00:00 ubuuntu gdm-launch-environment]: pam_unix(gdm-launch-environment:session): session opened for user gdm(uid=120) by (uid=0)
2026-07-28T05:18:58.946470+00:00 ubuuntu systemd-logind[831]: New session c3 of user gdm.
2026-07-28T05:18:59.017449+00:00 ubuuntu (systemd): pam_unix(systemd-user:session): session opened for user gdm(uid=120) by gdm(uid=0)
2026-07-28T05:19:01.170909+00:00 ubuuntu polkitd[812]: Registered Authentication Agent for unix-session:c3 (system bus name :1.202 [/usr/bin/gnome-shell], object path /org/freedesktop/PolicyKit1/AuthenticationAgent, locale en_US.UTF-8)
2026-07-28T05:19:04.870540+00:00 ubuuntu gdm-password]: gkr-pam: unlocked login keyring
2026-07-28T05:19:15.500329+00:00 ubuuntu gdm-launch-environment]: pam_unix(gdm-launch-environment:session): session closed for user gdm
2026-07-28T05:19:15.565097+00:00 ubuuntu systemd-logind[831]: Session c3 logged out. Waiting for processes to exit.
2026-07-28T05:19:15.575198+00:00 ubuuntu systemd-logind[831]: Removed session c3.
2026-07-28T05:19:15.600659+00:00 ubuuntu polkitd[812]: Unregistered Authentication Agent for unix-session:c3 (system bus name :1.202, object path /org/freedesktop/PolicyKit1/AuthenticationAgent, locale en_US.UTF-8) (disconnected from bus)
2026-07-28T05:19:19.553156+00:00 ubuuntu sudo:     main : TTY=pts/2 ; PWD=/home/main ; USER=root ; COMMAND=/usr/sbin/usermod -aG sudo a1
2026-07-28T05:19:19.556032+00:00 ubuuntu sudo: pam_unix(sudo:session): session opened for user root(uid=0) by main(uid=1000)
2026-07-28T05:19:19.603174+00:00 ubuuntu usermod[11723]: add 'a1' to group 'sudo'
2026-07-28T05:19:19.604108+00:00 ubuuntu usermod[11723]: add 'a1' to shadow group 'sudo'
2026-07-28T05:19:19.638504+00:00 ubuuntu sudo: pam_unix(sudo:session): session closed for user root
2026-07-28T05:24:48.452863+00:00 ubuuntu sudo:     main : TTY=pts/2 ; PWD=/home/main ; USER=root ; COMMAND=/usr/bin/ls /etc/
2026-07-28T05:24:48.492499+00:00 ubuuntu sudo: pam_unix(sudo:session): session opened for user root(uid=0) by main(uid=1000)
2026-07-28T05:24:48.539589+00:00 ubuuntu sudo: pam_unix(sudo:session): session closed for user root
2026-07-28T05:25:01.569751+00:00 ubuuntu CRON[13625]: pam_unix(cron:session): session opened for user root(uid=0) by root(uid=0)
2026-07-28T05:25:01.622443+00:00 ubuuntu CRON[13625]: pam_unix(cron:session): session closed for user root
2026-07-28T05:25:13.546393+00:00 ubuuntu gdm-launch-environment]: pam_unix(gdm-launch-environment:session): session opened for user gdm(uid=120) by (uid=0)
2026-07-28T05:25:13.580789+00:00 ubuuntu systemd-logind[831]: New session c4 of user gdm.
2026-07-28T05:25:13.615063+00:00 ubuuntu (systemd): pam_unix(systemd-user:session): session opened for user gdm(uid=120) by gdm(uid=0)
2026-07-28T05:25:15.998406+00:00 ubuuntu polkitd[812]: Registered Authentication Agent for unix-session:c4 (system bus name :1.249 [/usr/bin/gnome-shell], object path /org/freedesktop/PolicyKit1/AuthenticationAgent, locale en_US.UTF-8)
2026-07-28T05:25:19.615435+00:00 ubuuntu gnome-keyring-daemon[8510]: couldn't initialize slot with master password: The password or PIN is incorrect
2026-07-28T05:25:19.646130+00:00 ubuuntu gdm-password]: gkr-pam: unlocked login keyring
2026-07-28T05:25:27.446589+00:00 ubuuntu sudo:       a1 : user NOT in sudoers ; TTY=pts/5 ; PWD=/home/a1 ; USER=root ; COMMAND=/usr/bin/ls /etc/
2026-07-28T05:25:30.516177+00:00 ubuuntu gdm-launch-environment]: pam_unix(gdm-launch-environment:session): session closed for user gdm
2026-07-28T05:25:30.590900+00:00 ubuuntu systemd-logind[831]: Session c4 logged out. Waiting for processes to exit.
2026-07-28T05:25:30.623832+00:00 ubuuntu systemd-logind[831]: Removed session c4.
2026-07-28T05:25:30.644274+00:00 ubuuntu polkitd[812]: Unregistered Authentication Agent for unix-session:c4 (system bus name :1.249, object path /org/freedesktop/PolicyKit1/AuthenticationAgent, locale en_US.UTF-8) (disconnected from bus)
2026-07-28T05:25:42.802206+00:00 ubuuntu (sd-pam): pam_unix(systemd-user:session): session closed for user gdm
2026-07-28T05:26:10.824906+00:00 ubuuntu sudo:       a1 : user NOT in sudoers ; TTY=pts/5 ; PWD=/home/a1 ; USER=root ; COMMAND=/usr/bin/ls /etc/
2026-07-28T05:27:11.194632+00:00 ubuuntu systemd-logind[831]: The system will reboot now!
2026-07-28T05:27:11.415777+00:00 ubuuntu systemd-logind[831]: System is rebooting.
2026-07-28T05:27:11.486513+00:00 ubuuntu gdm-password]: pam_unix(gdm-password:session): session closed for user main
2026-07-28T05:27:11.496932+00:00 ubuuntu gdm-password]: pam_unix(gdm-password:session): session closed for user a1
2026-07-28T05:27:48.571260+00:00 ubuuntu systemd-logind[795]: New seat seat0.
2026-07-28T05:27:48.571267+00:00 ubuuntu systemd-logind[795]: Watching system buttons on /dev/input/event0 (Power Button)
2026-07-28T05:27:48.571269+00:00 ubuuntu systemd-logind[795]: Watching system buttons on /dev/input/event1 (Sleep Button)
2026-07-28T05:27:48.571270+00:00 ubuuntu systemd-logind[795]: Watching system buttons on /dev/input/event2 (AT Translated Set 2 keyboard)
2026-07-28T05:27:48.534795+00:00 ubuuntu polkitd[780]: Loading rules from directory /etc/polkit-1/rules.d
2026-07-28T05:27:48.549330+00:00 ubuuntu polkitd[780]: Loading rules from directory /usr/share/polkit-1/rules.d
2026-07-28T05:27:48.740755+00:00 ubuuntu polkitd[780]: Finished loading, compiling and executing 16 rules
2026-07-28T05:27:48.790968+00:00 ubuuntu polkitd[780]: Acquired the name org.freedesktop.PolicyKit1 on the system bus
2026-07-28T05:27:50.418229+00:00 ubuuntu gdm-launch-environment]: pam_unix(gdm-launch-environment:session): session opened for user gdm(uid=120) by (uid=0)
2026-07-28T05:27:50.551509+00:00 ubuuntu systemd-logind[795]: New session c1 of user gdm.
2026-07-28T05:27:50.780289+00:00 ubuuntu (systemd): pam_unix(systemd-user:session): session opened for user gdm(uid=120) by gdm(uid=0)
2026-07-28T05:27:55.814517+00:00 ubuuntu polkitd[780]: Registered Authentication Agent for unix-session:c1 (system bus name :1.38 [/usr/bin/gnome-shell], object path /org/freedesktop/PolicyKit1/AuthenticationAgent, locale en_US.UTF-8)
2026-07-28T05:28:07.033893+00:00 ubuuntu gdm-password]: gkr-pam: unable to locate daemon control file
2026-07-28T05:28:07.033993+00:00 ubuuntu gdm-password]: gkr-pam: stashed password to try later in open session
2026-07-28T05:28:07.067576+00:00 ubuuntu gdm-password]: pam_unix(gdm-password:session): session opened for user a1(uid=1001) by a1(uid=0)
2026-07-28T05:28:07.094281+00:00 ubuuntu systemd-logind[795]: New session 2 of user a1.
2026-07-28T05:28:07.222823+00:00 ubuuntu (systemd): pam_unix(systemd-user:session): session opened for user a1(uid=1001) by a1(uid=0)
2026-07-28T05:28:07.965238+00:00 ubuuntu gdm-password]: gkr-pam: unlocked login keyring
2026-07-28T05:28:08.879355+00:00 ubuuntu gnome-keyring-daemon[1880]: The Secret Service was already initialized
2026-07-28T05:28:08.880064+00:00 ubuuntu gnome-keyring-daemon[2078]: discover_other_daemon: 1
2026-07-28T05:28:08.885492+00:00 ubuuntu gnome-keyring-daemon[1880]: The PKCS#11 component was already initialized
2026-07-28T05:28:08.886445+00:00 ubuuntu gnome-keyring-daemon[2083]: discover_other_daemon: 1
2026-07-28T05:28:08.886486+00:00 ubuuntu gnome-keyring-daemon[2087]: discover_other_daemon: 1
2026-07-28T05:28:11.955055+00:00 ubuuntu polkitd[780]: Registered Authentication Agent for unix-session:2 (system bus name :1.75 [/usr/bin/gnome-shell], object path /org/freedesktop/PolicyKit1/AuthenticationAgent, locale en_US.UTF-8)
2026-07-28T05:28:12.708095+00:00 ubuuntu gdm-launch-environment]: pam_unix(gdm-launch-environment:session): session closed for user gdm
2026-07-28T05:28:12.871300+00:00 ubuuntu systemd-logind[795]: Session c1 logged out. Waiting for processes to exit.
2026-07-28T05:28:13.019146+00:00 ubuuntu systemd-logind[795]: Removed session c1.
2026-07-28T05:28:13.051873+00:00 ubuuntu polkitd[780]: Unregistered Authentication Agent for unix-session:c1 (system bus name :1.38, object path /org/freedesktop/PolicyKit1/AuthenticationAgent, locale en_US.UTF-8) (disconnected from bus)
2026-07-28T05:28:06.713358+00:00 ubuuntu gdm-launch-environment]: pam_unix(gdm-launch-environment:session): session opened for user gdm(uid=120) by (uid=0)
2026-07-28T05:28:06.759617+00:00 ubuuntu systemd-logind[795]: New session c2 of user gdm.
2026-07-28T05:28:08.467223+00:00 ubuuntu polkitd[780]: Registered Authentication Agent for unix-session:c2 (system bus name :1.104 [/usr/bin/gnome-shell], object path /org/freedesktop/PolicyKit1/AuthenticationAgent, locale en_US.UTF-8)
2026-07-28T05:28:13.422973+00:00 ubuuntu gdm-password]: gkr-pam: unable to locate daemon control file
2026-07-28T05:28:13.423212+00:00 ubuuntu gdm-password]: gkr-pam: stashed password to try later in open session
2026-07-28T05:28:13.473236+00:00 ubuuntu gdm-password]: pam_unix(gdm-password:session): session opened for user main(uid=1000) by main(uid=0)
2026-07-28T05:28:13.496466+00:00 ubuuntu systemd-logind[795]: New session 4 of user main.
2026-07-28T05:28:13.553504+00:00 ubuuntu (systemd): pam_unix(systemd-user:session): session opened for user main(uid=1000) by main(uid=0)
2026-07-28T05:28:14.091119+00:00 ubuuntu gdm-password]: gkr-pam: unlocked login keyring
2026-07-28T05:28:14.996567+00:00 ubuuntu gnome-keyring-daemon[3296]: The Secret Service was already initialized
2026-07-28T05:28:14.997092+00:00 ubuuntu gnome-keyring-daemon[3540]: discover_other_daemon: 1
2026-07-28T05:28:15.005957+00:00 ubuuntu gnome-keyring-daemon[3296]: The PKCS#11 component was already initialized
2026-07-28T05:28:15.006615+00:00 ubuuntu gnome-keyring-daemon[3547]: discover_other_daemon: 1
2026-07-28T05:28:15.007112+00:00 ubuuntu gnome-keyring-daemon[3544]: discover_other_daemon: 1
2026-07-28T05:28:17.615146+00:00 ubuuntu polkitd[780]: Registered Authentication Agent for unix-session:4 (system bus name :1.131 [/usr/bin/gnome-shell], object path /org/freedesktop/PolicyKit1/AuthenticationAgent, locale en_US.UTF-8)
2026-07-28T05:28:18.452185+00:00 ubuuntu gdm-launch-environment]: pam_unix(gdm-launch-environment:session): session closed for user gdm
2026-07-28T05:28:18.572416+00:00 ubuuntu systemd-logind[795]: Session c2 logged out. Waiting for processes to exit.
2026-07-28T05:28:18.629819+00:00 ubuuntu systemd-logind[795]: Removed session c2.
2026-07-28T05:28:18.694256+00:00 ubuuntu polkitd[780]: Unregistered Authentication Agent for unix-session:c2 (system bus name :1.104, object path /org/freedesktop/PolicyKit1/AuthenticationAgent, locale en_US.UTF-8) (disconnected from bus)
2026-07-28T05:28:28.945979+00:00 ubuuntu (sd-pam): pam_unix(systemd-user:session): session closed for user gdm
2026-07-28T05:29:51.248413+00:00 ubuuntu sudo:     main : TTY=pts/2 ; PWD=/home/main ; USER=root ; COMMAND=/usr/bin/ls /usr/
2026-07-28T05:29:51.249382+00:00 ubuuntu sudo: pam_unix(sudo:session): session opened for user root(uid=0) by main(uid=1000)
2026-07-28T05:29:51.254001+00:00 ubuuntu sudo: pam_unix(sudo:session): session closed for user root
2026-07-28T05:30:11.875724+00:00 ubuuntu gdm-launch-environment]: pam_unix(gdm-launch-environment:session): session opened for user gdm(uid=120) by (uid=0)
2026-07-28T05:30:11.935926+00:00 ubuuntu systemd-logind[795]: New session c3 of user gdm.
2026-07-28T05:30:11.998631+00:00 ubuuntu (systemd): pam_unix(systemd-user:session): session opened for user gdm(uid=120) by gdm(uid=0)
2026-07-28T05:30:14.205423+00:00 ubuuntu polkitd[780]: Registered Authentication Agent for unix-session:c3 (system bus name :1.169 [/usr/bin/gnome-shell], object path /org/freedesktop/PolicyKit1/AuthenticationAgent, locale en_US.UTF-8)
2026-07-28T05:30:18.580132+00:00 ubuuntu gdm-password]: gkr-pam: unlocked login keyring
2026-07-28T05:30:28.852366+00:00 ubuuntu gdm-launch-environment]: pam_unix(gdm-launch-environment:session): session closed for user gdm
2026-07-28T05:30:28.903661+00:00 ubuuntu systemd-logind[795]: Session c3 logged out. Waiting for processes to exit.
2026-07-28T05:30:28.938757+00:00 ubuuntu systemd-logind[795]: Removed session c3.
2026-07-28T05:30:28.957259+00:00 ubuuntu polkitd[780]: Unregistered Authentication Agent for unix-session:c3 (system bus name :1.169, object path /org/freedesktop/PolicyKit1/AuthenticationAgent, locale en_US.UTF-8) (disconnected from bus)
2026-07-28T05:30:32.332578+00:00 ubuuntu sudo:       a1 : TTY=pts/4 ; PWD=/home/a1 ; USER=root ; COMMAND=/usr/bin/ls /bin
2026-07-28T05:30:32.334188+00:00 ubuuntu sudo: pam_unix(sudo:session): session opened for user root(uid=0) by a1(uid=1001)
2026-07-28T05:30:32.343944+00:00 ubuuntu sudo: pam_unix(sudo:session): session closed for user root
2026-07-28T05:30:39.441082+00:00 ubuuntu (sd-pam): pam_unix(systemd-user:session): session closed for user gdm
2026-07-28T05:32:50.874703+00:00 ubuuntu gdm-launch-environment]: pam_unix(gdm-launch-environment:session): session opened for user gdm(uid=120) by (uid=0)
2026-07-28T05:32:50.905236+00:00 ubuuntu systemd-logind[795]: New session c4 of user gdm.
2026-07-28T05:32:50.936110+00:00 ubuuntu (systemd): pam_unix(systemd-user:session): session opened for user gdm(uid=120) by gdm(uid=0)
2026-07-28T05:32:52.877821+00:00 ubuuntu polkitd[780]: Registered Authentication Agent for unix-session:c4 (system bus name :1.203 [/usr/bin/gnome-shell], object path /org/freedesktop/PolicyKit1/AuthenticationAgent, locale en_US.UTF-8)
2026-07-28T05:32:55.725533+00:00 ubuuntu gdm-password]: pam_unix(gdm-password:auth): authentication failure; logname=main uid=0 euid=0 tty=/dev/tty1 ruser= rhost=  user=main
2026-07-28T05:33:01.046423+00:00 ubuuntu gdm-password]: gkr-pam: unlocked login keyring
2026-07-28T05:33:12.213328+00:00 ubuuntu gdm-launch-environment]: pam_unix(gdm-launch-environment:session): session closed for user gdm
2026-07-28T05:33:12.291119+00:00 ubuuntu systemd-logind[795]: Session c4 logged out. Waiting for processes to exit.
2026-07-28T05:33:12.298470+00:00 ubuuntu systemd-logind[795]: Removed session c4.
2026-07-28T05:33:12.313935+00:00 ubuuntu polkitd[780]: Unregistered Authentication Agent for unix-session:c4 (system bus name :1.203, object path /org/freedesktop/PolicyKit1/AuthenticationAgent, locale en_US.UTF-8) (disconnected from bus)
2026-07-28T05:33:22.811890+00:00 ubuuntu (sd-pam): pam_unix(systemd-user:session): session closed for user gdm
2026-07-28T05:33:35.969081+00:00 ubuuntu gnome-keyring-daemon[3296]: asked to register item /org/freedesktop/secrets/collection/login/1, but it's already registered
2026-07-28T05:33:53.007145+00:00 ubuuntu dbus-daemon[711]: [system] Failed to activate service 'org.bluez': timed out (service_start_timeout=25000ms)
2026-07-28T05:35:01.941247+00:00 ubuuntu CRON[8334]: pam_unix(cron:session): session opened for user root(uid=0) by root(uid=0)
2026-07-28T05:35:01.960267+00:00 ubuuntu CRON[8334]: pam_unix(cron:session): session closed for user root
2026-07-28T05:45:01.047085+00:00 ubuuntu CRON[10007]: pam_unix(cron:session): session opened for user root(uid=0) by root(uid=0)
2026-07-28T05:45:01.102759+00:00 ubuuntu CRON[10007]: pam_unix(cron:session): session closed for user root
2026-07-28T05:47:56.923943+00:00 ubuuntu systemd-logind[795]: Power key pressed short.
2026-07-28T05:47:56.997161+00:00 ubuuntu systemd-logind[795]: The system will power off now!
2026-07-28T05:47:57.059240+00:00 ubuuntu systemd-logind[795]: System is powering down.
2026-07-28T05:47:57.117973+00:00 ubuuntu gdm-password]: pam_unix(gdm-password:session): session closed for user a1
2026-07-28T05:47:57.125967+00:00 ubuuntu gdm-password]: pam_unix(gdm-password:session): session closed for user main
2026-07-28T05:58:54.160905+00:00 ubuuntu systemd-logind[810]: New seat seat0.
2026-07-28T05:58:54.160909+00:00 ubuuntu systemd-logind[810]: Watching system buttons on /dev/input/event0 (Power Button)
2026-07-28T05:58:54.160916+00:00 ubuuntu systemd-logind[810]: Watching system buttons on /dev/input/event1 (Sleep Button)
2026-07-28T05:58:54.160920+00:00 ubuuntu systemd-logind[810]: Watching system buttons on /dev/input/event2 (AT Translated Set 2 keyboard)
2026-07-28T05:58:55.521470+00:00 ubuuntu polkitd[763]: Loading rules from directory /etc/polkit-1/rules.d
2026-07-28T05:58:55.535755+00:00 ubuuntu polkitd[763]: Loading rules from directory /usr/share/polkit-1/rules.d
2026-07-28T05:58:57.110254+00:00 ubuuntu polkitd[763]: Finished loading, compiling and executing 16 rules
2026-07-28T05:58:57.263084+00:00 ubuuntu polkitd[763]: Acquired the name org.freedesktop.PolicyKit1 on the system bus
2026-07-28T05:59:15.937267+00:00 ubuuntu gdm-launch-environment]: pam_unix(gdm-launch-environment:session): session opened for user gdm(uid=120) by (uid=0)
2026-07-28T05:59:17.057586+00:00 ubuuntu systemd-logind[810]: New session c1 of user gdm.
2026-07-28T05:59:18.978048+00:00 ubuuntu (systemd): pam_unix(systemd-user:session): session opened for user gdm(uid=120) by gdm(uid=0)
2026-07-28T06:00:08.265223+00:00 ubuuntu polkitd[763]: Registered Authentication Agent for unix-session:c1 (system bus name :1.39 [/usr/bin/gnome-shell], object path /org/freedesktop/PolicyKit1/AuthenticationAgent, locale en_US.UTF-8)
2026-07-28T06:00:18.130787+00:00 ubuuntu gdm-password]: pam_unix(gdm-password:auth): authentication failure; logname= uid=0 euid=0 tty=/dev/tty1 ruser= rhost=  user=main
2026-07-28T06:00:23.757727+00:00 ubuuntu gdm-password]: pam_unix(gdm-password:auth): authentication failure; logname= uid=0 euid=0 tty=/dev/tty1 ruser= rhost=  user=main
2026-07-28T06:00:28.446801+00:00 ubuuntu gdm-password]: gkr-pam: unable to locate daemon control file
2026-07-28T06:00:28.446906+00:00 ubuuntu gdm-password]: gkr-pam: stashed password to try later in open session
2026-07-28T06:00:28.490800+00:00 ubuuntu gdm-password]: pam_unix(gdm-password:session): session opened for user main(uid=1000) by main(uid=0)
2026-07-28T06:00:28.524670+00:00 ubuuntu systemd-logind[810]: New session 2 of user main.
2026-07-28T06:00:28.574556+00:00 ubuuntu (systemd): pam_unix(systemd-user:session): session opened for user main(uid=1000) by main(uid=0)
2026-07-28T06:00:30.307521+00:00 ubuuntu gdm-password]: gkr-pam: unlocked login keyring
2026-07-28T06:00:32.637467+00:00 ubuuntu gnome-keyring-daemon[2038]: The Secret Service was already initialized
2026-07-28T06:00:32.638176+00:00 ubuuntu gnome-keyring-daemon[2284]: discover_other_daemon: 1
2026-07-28T06:00:32.682778+00:00 ubuuntu gnome-keyring-daemon[2295]: discover_other_daemon: 1
2026-07-28T06:00:32.683138+00:00 ubuuntu gnome-keyring-daemon[2038]: The PKCS#11 component was already initialized
2026-07-28T06:00:32.683202+00:00 ubuuntu gnome-keyring-daemon[2303]: discover_other_daemon: 1
2026-07-28T06:00:40.294797+00:00 ubuuntu polkitd[763]: Registered Authentication Agent for unix-session:2 (system bus name :1.79 [/usr/bin/gnome-shell], object path /org/freedesktop/PolicyKit1/AuthenticationAgent, locale en_US.UTF-8)
2026-07-28T06:00:41.745796+00:00 ubuuntu gdm-launch-environment]: pam_unix(gdm-launch-environment:session): session closed for user gdm
2026-07-28T06:00:42.068214+00:00 ubuuntu polkitd[763]: Unregistered Authentication Agent for unix-session:c1 (system bus name :1.39, object path /org/freedesktop/PolicyKit1/AuthenticationAgent, locale en_US.UTF-8) (disconnected from bus)
2026-07-28T06:00:42.117925+00:00 ubuuntu systemd-logind[810]: Session c1 logged out. Waiting for processes to exit.
2026-07-28T06:00:42.353307+00:00 ubuuntu systemd-logind[810]: Removed session c1.
2026-07-28T06:00:52.824015+00:00 ubuuntu (sd-pam): pam_unix(systemd-user:session): session closed for user gdm
2026-07-28T06:02:16.788122+00:00 ubuuntu systemd-logind[810]: Power key pressed short.
2026-07-28T06:02:16.831730+00:00 ubuuntu systemd-logind[810]: The system will power off now!
2026-07-28T06:02:16.875873+00:00 ubuuntu systemd-logind[810]: System is powering down.
2026-07-28T06:02:16.947339+00:00 ubuuntu gdm-password]: pam_unix(gdm-password:session): session closed for user main
2026-07-28T06:03:28.924333+00:00 ubuuntu systemd-logind[921]: New seat seat0.
2026-07-28T06:03:28.924338+00:00 ubuuntu systemd-logind[921]: Watching system buttons on /dev/input/event0 (Power Button)
2026-07-28T06:03:28.924340+00:00 ubuuntu systemd-logind[921]: Watching system buttons on /dev/input/event1 (Sleep Button)
2026-07-28T06:03:28.924359+00:00 ubuuntu systemd-logind[921]: Watching system buttons on /dev/input/event2 (AT Translated Set 2 keyboard)
2026-07-28T06:03:29.617032+00:00 ubuuntu polkitd[895]: Loading rules from directory /etc/polkit-1/rules.d
2026-07-28T06:03:29.624442+00:00 ubuuntu polkitd[895]: Loading rules from directory /usr/share/polkit-1/rules.d
2026-07-28T06:03:30.119407+00:00 ubuuntu polkitd[895]: Finished loading, compiling and executing 16 rules
2026-07-28T06:03:30.190993+00:00 ubuuntu polkitd[895]: Acquired the name org.freedesktop.PolicyKit1 on the system bus
2026-07-28T06:03:33.181031+00:00 ubuuntu gdm-launch-environment]: pam_unix(gdm-launch-environment:session): session opened for user gdm(uid=120) by (uid=0)
2026-07-28T06:03:33.317227+00:00 ubuuntu systemd-logind[921]: New session c1 of user gdm.
2026-07-28T06:03:33.524087+00:00 ubuuntu (systemd): pam_unix(systemd-user:session): session opened for user gdm(uid=120) by gdm(uid=0)
2026-07-28T06:03:41.995152+00:00 ubuuntu polkitd[895]: Registered Authentication Agent for unix-session:c1 (system bus name :1.38 [/usr/bin/gnome-shell], object path /org/freedesktop/PolicyKit1/AuthenticationAgent, locale en_US.UTF-8)
2026-07-28T06:03:50.619570+00:00 ubuuntu gdm-password]: gkr-pam: unable to locate daemon control file
2026-07-28T06:03:50.620186+00:00 ubuuntu gdm-password]: gkr-pam: stashed password to try later in open session
2026-07-28T06:03:50.693139+00:00 ubuuntu gdm-password]: pam_unix(gdm-password:session): session opened for user main(uid=1000) by main(uid=0)
2026-07-28T06:03:50.750823+00:00 ubuuntu systemd-logind[921]: New session 2 of user main.
2026-07-28T06:03:50.798435+00:00 ubuuntu (systemd): pam_unix(systemd-user:session): session opened for user main(uid=1000) by main(uid=0)
2026-07-28T06:03:51.594286+00:00 ubuuntu gdm-password]: gkr-pam: unlocked login keyring
2026-07-28T06:03:52.511485+00:00 ubuuntu gnome-keyring-daemon[1879]: The Secret Service was already initialized
2026-07-28T06:03:52.513934+00:00 ubuuntu gnome-keyring-daemon[1879]: The PKCS#11 component was already initialized
2026-07-28T06:03:52.514929+00:00 ubuuntu gnome-keyring-daemon[2100]: discover_other_daemon: 1
2026-07-28T06:03:52.515007+00:00 ubuuntu gnome-keyring-daemon[2103]: discover_other_daemon: 1
2026-07-28T06:03:52.515122+00:00 ubuuntu gnome-keyring-daemon[2102]: discover_other_daemon: 1
2026-07-28T06:03:56.134770+00:00 ubuuntu polkitd[895]: Registered Authentication Agent for unix-session:2 (system bus name :1.75 [/usr/bin/gnome-shell], object path /org/freedesktop/PolicyKit1/AuthenticationAgent, locale en_US.UTF-8)
2026-07-28T06:03:57.842033+00:00 ubuuntu gdm-launch-environment]: pam_unix(gdm-launch-environment:session): session closed for user gdm
2026-07-28T06:03:58.026691+00:00 ubuuntu polkitd[895]: Unregistered Authentication Agent for unix-session:c1 (system bus name :1.38, object path /org/freedesktop/PolicyKit1/AuthenticationAgent, locale en_US.UTF-8) (disconnected from bus)
2026-07-28T06:03:58.111582+00:00 ubuuntu systemd-logind[921]: Session c1 logged out. Waiting for processes to exit.
2026-07-28T06:03:58.158926+00:00 ubuuntu systemd-logind[921]: Removed session c1.
2026-07-28T06:04:08.614142+00:00 ubuuntu (sd-pam): pam_unix(systemd-user:session): session closed for user gdm
2026-07-28T06:05:01.146573+00:00 ubuuntu CRON[4147]: pam_unix(cron:session): session opened for user root(uid=0) by root(uid=0)
2026-07-28T06:05:01.334253+00:00 ubuuntu CRON[4147]: pam_unix(cron:session): session closed for user root
2026-07-28T06:09:28.249764+00:00 ubuuntu gnome-keyring-daemon[1879]: asked to register item /org/freedesktop/secrets/collection/login/1, but it's already registered
2026-07-28T06:09:36.158147+00:00 ubuuntu dbus-daemon[863]: [system] Failed to activate service 'org.bluez': timed out (service_start_timeout=25000ms)
